legend_id,section_id,pe_group,course_code,course_name,room_no,faculty_name,category,activity_name,activity_faculty
1,1,,22PC1AE401,Advanced Driver Assistance System (ADAS),D-421,Mr. M Venkata Ramarao,,,
2,1,,22PC1AE402,Automotive Embedded Systems (AES),D-421,Mr. M. Vijay,,,
3,1,PE-III,22PE1AE402,Two and Three-Wheeler Technology,D-402,Dr. B. Harish babu,,,
4,1,PE-III,22PE1AE403,Advanced Manufacturing Technologies,D-421,Dr. M. Venkata Ramana,,,
5,1,PE-IV,22PEN1GE402,Solar Energy Engineering and Technology,D-421,Dr. T. Srinivasa Rao,,,
6,1,PE-IV,22PEN1ME404,Automation in Manufacturing,D-402,Dr. M. Venkata Ramana,,,
7,1,PE-IV,22PEN1CS415,Introduction to Internet of Things,D-405,Dr. G. V. L. Prasad,,,
8,1,PE-IV,22PEN1GE401,Fundamentals of Artificial Intelligence,D-403,Mr. M. Vijay,,,
9,1,PE-IV,22PEN1AE401,Elements of Mechanical Vibration,D-416,Dr. Ch. Sri Chaitanya,,,
10,1,,22PC2AE402,Automotive Embedded Systems Laboratory (AES Lab),D-403,Mr. M. Vijay / Mr. Balappa Hadagali,,,
11,1,,22PC2AE411,Vehicle Maintenance and Testing Laboratory (VMT Lab),P-004 / P-005 / P-006,Mr. M. Venkata Ramarao / Mr. Chandrashekar B Banad,,,
12,1,,22PW4AE401,Major Project Phase - I,D-415,"Dr. T. Srinivasa Rao, Dr. Shaik Amjad, Dr. M. Venkata Ramana, Dr. D. Suresh, Mr. Vinay Kulkarni, Dr. B. Harish Babu, Dr. S. Aslam Ansari",,,
13,1,,,,,,Seminar,Seminar,-
14,1,,,,,,Library,Library,-
15,1,,,,,,ECA,Extra-Curricular Activity,-
16,1,,,,,,CCA,Co-Curricular Activity,-
17,1,,,,,,MTP,Mentoring Training & Placement,Mr. R. Ramu / Mr. M. Krishna / Mr. Balappa Hadagali
18,1,,,,,,Sports,Sports,
19,2,,22PC1CE401,Foundation Engineering,D-104/1,Dr.K.Suresh,,,
20,2,,22PC1CE402,Innovation and Entrepreneurship (I&E),D-104/1,Dr.M.V.Narasimha Rao,,,
21,2,PE-III,22PE1CE405,Construction Technology and Project Management (PE III CTPM),D-104/1,Dr. J. Y.V. Shiva Bhushan,,,
22,2,PE-IV,,PE-IV (NPTEL),D-104/1,Mr. P. V. S. Gopi Raghunadh /Dr. PZ Seenu,,,
23,2,,,Open Elective – III (OE -III),-,,,,
24,2,,22PC2CE411,Computer Aided Design Studio (CADS),D - 215,Dr.B.Murali Krishna/Dr.K.Pardhasaradhi / Dr.K.Ravi Kumar/Dr.T.Srinivas Rao,,,
25,2,,22PC2CE306,Environmental Engineering Laboratory (EE Lab),D -  010,Mr. P. V. S. Gopi Raghunadh/ Mrs.V.Ramya Krishna,,,
26,2,,22PW4CE401,Major Project Phase – I (Project - I),-,Major Project Supervisors,,,
27,2,,,,,,Library,Library,
28,2,,,,,,Sports,Sports,
29,2,,,,,,Mentoring,,
30,2,,,,,,CORE TRAININGS,,
31,3,,22PC1CE401,Foundation Engineering,D-104/1,Dr.K.Suresh,,,
32,3,,22PC1CE402,Innovation and Entrepreneurship (I&E),D-104/1,Dr.M.V.Narasimha Rao,,,
33,3,PE-III,22PE1CE405,Construction Technology and Project Management (PE III CTPM),D-104/1,Dr. J. Y.V. Shiva Bhushan,,,
34,3,PE-IV,,PE-IV (NPTEL),D-104/1,Mrs. J. Soujanya /Dr. PZ Seenu,,,
35,3,,,Open Elective – III (OE -III),,,,,
36,3,,22PC2CE411,Computer Aided Design Studio (CADS),D-215,Dr.K.Ravi Kumar/Mr.K.Veerendra Gopi / Dr.K.Pardhasaradhi /Dr.B.Murali Krishna,,,
37,3,,22PC2CE306,Environmental Engineering Laboratory (EE Lab),D -010,Mrs. J. Soujanya / Dr. Sangeetha S.,,,
38,3,,22PW4CE401,Major Project Phase – I (Project - I),-,Major Project Supervisors,,,
39,3,,,,,,Library,Library,
40,3,,,,,,Sports,Sports,
41,3,,,,,,Mentoring,,
42,3,,,,,,CORE TRAININGS,,
43,4,,22PC1CS401,Big Data Analytics (BDA),E012,Mrs. N. Lakshmi Kalyani,,,
44,4,,22PC1AM402,DevOps (DevOps),E012,Dr. V. Srikanth Reddy,,,
45,4,PE-III,22PE1CY301,Information and Network Security (INS)(PE-III),E012,Mr. T. Gnana Prakash,,,
46,4,PE-III,22PE1CS402,Deep Learning (DL) (PE-III),E113,Ms.  Sana,,,
47,4,PE-IV,,PE-IV Swayam NPTEL,,Dr. P. Anjusha,,,
48,4,,22PC2CS401,Big Data Analytics Laboratory (BDA Lab),E333,Mrs. N. Lakshmi Kalyani / Ms. Sana,,,
49,4,,22PC2AM402,DevOps Laboratory (DevOps Lab),E333,Dr. V. Srikanth Reddy / Mrs. S. Sudeshna,,,
50,4,,22PW4CS401,Major Project Phase – I,,Dr. B.V. Kiranmayee/ Dr. D.N. Vasundhara/ Mrs. S. Sudeshna,,,
51,4,,,,,,ECA,EXTRA CURRICULAR ACTIVITY,
52,4,,,,,,CCA,CO CURRICULAR ACTIVITY,
53,4,,,,,,SPORTS,SPORTS,
54,4,,,,,,LIBRARY,LIBRARY,
55,5,,22PC1CS401,Big Data Analytics (BDA),E113,Mrs. N. Lakshmi Kalyani,,,
56,5,,22PC1AM402,DevOps (DevOps),E113,Dr. V. Srikanth Reddy,,,
57,5,PE-III,22PE1CY301,Information and Network Security (INS)(PE-III),E012,Mr. T. Gnana Prakash,,,
58,5,PE-III,22PE1CS402,Deep Learning (DL) (PE-III),E113,Ms.  Sana,,,
59,5,PE-IV,,PE-IV Swayam NPTEL,,Mr. Ch. Suresh Kumar Raju,,,
60,5,,22PC2CS401,Big Data Analytics Laboratory (BDA Lab),E333,Mrs. N. Lakshmi Kalyani / Ms. Sana,,,
61,5,,22PC2AM402,DevOps Laboratory (DevOps Lab),E333,Dr. V. Srikanth Reddy / Mrs. S. Sudeshna,,,
62,5,,22PW4CS401,Major Project Phase – I,,Dr. V. Baby /Dr. P. Anjusha/  Mr. N. Praveen,,,
63,5,,,,,,ECA,EXTRA CURRICULAR ACTIVITY,
64,5,,,,,,CCA,CO CURRICULAR ACTIVITY,
65,5,,,,,,SPORTS,SPORTS,
66,5,,,,,,LIBRARY,LIBRARY,
67,6,,22PC1CS401,Big Data Analytics (BDA),A013,Dr. M. Ravi Kanth,,,
68,6,,22PC1AM402,DevOps (DevOps),A013,Mr. K. Pratap Joshi,,,
69,6,PE-III,22PE1CY301,Information and Network Security (INS)(PE-III),E012,Mr. T. Gnana Prakash,,,
70,6,PE-III,22PE1CS402,Deep Learning (DL) (PE-III),E113,Ms.  Sana,,,
71,6,PE-IV,,PE-IV Swayam NPTEL,,Mrs. S. Sravanthi,,,
72,6,,22PC2CS401,Big Data Analytics Laboratory (BDA Lab),E117,Dr. M. Ravi Kanth / Dr. N. Sandeep Chaitanya,,,
73,6,,22PC2AM402,DevOps Laboratory (DevOps Lab),E117,Mr. K. Pratap Joshi / P. Rama Krishna,,,
74,6,,22PW4CS401,Major Project Phase – I,,Dr. M. Madhu Bala/Dr. P. V. Siva Kumar Mrs. K. Swathi,,,
75,6,,,,,,ECA,EXTRA CURRICULAR ACTIVITY,
76,6,,,,,,CCA,CO CURRICULAR ACTIVITY,
77,6,,,,,,SPORTS,SPORTS,
78,6,,,,,,LIBRARY,LIBRARY,
79,7,,22PC1CS401,Big Data Analytics (BDA),E037,Dr. M. Ravi Kanth,,,
80,7,,22PC1AM402,DevOps (DevOps),E037,Mr. K. Pratap Joshi,,,
81,7,PE-III,22PE1CY301,Information and Network Security (INS)(PE-III),E012,Mr. T. Gnana Prakash,,,
82,7,PE-III,22PE1CS402,Deep Learning (DL) (PE-III),E113,Ms.  Sana,,,
83,7,PE-IV,,PE-IV Swayam NPTEL,,Mrs. K. Jyothsna Latha,,,
84,7,,22PC2CS401,Big Data Analytics Laboratory (BDA Lab),E117,Dr. M. Ravi Kanth / Dr. N. Sandeep Chaitanya,,,
85,7,,22PC2AM402,DevOps Laboratory (DevOps Lab),E117,Mr. K. Pratap Joshi / P. Rama Krishna,,,
86,7,,22PW4CS401,Major Project Phase – I,,Dr. N. V. Sailaja / Mrs. N. Lakshmi Kalyani / Mrs. K. Jyothsna Latha,,,
87,7,,,,,,ECA,EXTRA CURRICULAR ACTIVITY,
88,7,,,,,,CCA,CO CURRICULAR ACTIVITY,
89,7,,,,,,SPORTS,SPORTS,
90,7,,,,,,LIBRARY,LIBRARY,
91,8,,22PC1CB401,Usability Design of Software Applications (UDSA),E038,Mrs. K. Bhagya Rekha,,,
92,8,,22HS1MG401,Financial Management(FM),E038,Dr. K. Anil Kumar,,,
93,8,PE-III,22PE1CB401,Cognitive Science and Analytics(CSA) (PE-III),E038,Mr. K. Akhil,,,
94,8,PE-IV,22PE1CB406,Information retrieval systems(IRS) (PE-IV),E038,Mr. T. Gnana Prakash,,,
95,8,O.E-I,220E1CB401,Human Resource Management (HRM) (O.E-I),E038,Mr. K. V. L. N. Pavan Kumar,,,
96,8,,22PC2CB401,Usability Design of Software Applications LAB,E333,Mrs. K. Bhagya Rekha / Dr. P. Bharath Kumar,,,
97,8,,22PCAM402,Devops LAB,E333,Mr. B. Satyadev / Mrs. J. Pushpa Kumari,,,
98,8,,22PW4CB401,Major Projects Phase-I,,Dr. S. Nagini/ Mr. K. Akhil,,,
99,8,,,,,,ECA,EXTRA CURRICULAR ACTIVITY,
100,8,,,,,,CCA,CO CURRICULAR ACTIVITY,
101,8,,,,,,LIBRARY,LIBRARY,
102,8,,,,,,SPORTS,SPORTS,
103,8,,,,,,Mentoring,,
104,9,,22PC1DS402,Deep Learning applications (DLA),D-518,Mrs. E. Lalitha,,,
105,9,,22PC1DS401,Data Science for BFSI (BFSI),D-518,Dr. M. Rajasekar,,,
106,9,,22PE1DS401,Natural Language Processing and Text Analytics (NLP&TA),D-518,Mrs.G.Vanaja Kumari,,,
107,9,PE-IV,,Professional Elective-IV,D-518,Mr.P.Venkateswara Rao,,,
108,9,,22PC2DS402,Deep Learning applications (DLA) Lab,E-502,Mrs. E. Lalitha / Mr.B.Sangameshwar (Batch-1)/ Dr.K.Srinivas(Batch-2),,,
109,9,,22PC2DS401,Data Science for BFSI (BFSI) lab,E-332,Dr. M. Rajasekar/ Ms.Dhanshree Mukund Pande,,,
110,9,,22PW4DS401,Major Project Phase - I,D-518,Dr.V.Radhika/ Dr.Ch.Anil Kumar,,,
111,9,,,,,,Seminar,Seminar,
112,9,,,,,,Library,Library,
113,9,,,,,,CCA,Co-Curricular Activity,
114,9,,,,,,Sports/ECA,Sports/ Extra Curricular Activity,
115,9,,,,,,CVA-L4,Career Vision Approach – Level 4,
116,9,,,,,,MTP,Mentoring Training & Placement,
117,10,,22PC1DS402,Deep Learning applications (DLA),D-304/2,Mrs.G.Sravanthi,,,
118,10,,22PC1DS401,Data Science for BFSI (BFSI),D-304/2,Mrs.P.Lalitha,,,
119,10,,22PE1DS401,Natural Language Processing and Text Analytics (NLP&TA),D-304/2,Dr. T. Sunil Kumar,,,
120,10,PE-IV,,Professional Elective-IV,D-304/2,Dr.M.Laxmi Devi,,,
121,10,,22PC2DS402,Deep Learning applications (DLA) Lab,E-501,Mrs.G.Sravanthi / Mrs.D. Naga Vardhini,,,
122,10,,22PC2DS401,Data Science for BFSI (BFSI) lab,E-431(W) / E-417(S),Mrs.P.Lalitha/ Mrs.P. Meenakshi,,,
123,10,,22PW4DS401,Major Project Phase - I,D-304/2,Dr.R.Vasavi /Dr.M.Laxmi Devi,,,
124,10,,,,,,Seminar,Seminar,
125,10,,,,,,Library,Library,
126,10,,,,,,CCA,Co-Curricular Activity,
127,10,,,,,,Sports/ECA,Sports/ Extra Curricular Activity,
128,10,,,,,,CVA-L4,Career Vision Approach – Level 4,
129,10,,,,,,MTP,Mentoring Training & Placement,
130,11,,22PC1DS402,Deep Learning applications (DLA),E-406,Dr.R.Vasavi,,,
131,11,,22PC1DS401,Data Science for BFSI (BFSI),E-406,Mrs.V.Susmitha,,,
132,11,,22PE1DS401,Natural Language Processing and Text Analytics (NLP&TA),E-406,Mrs.P. Swathi,,,
133,11,PE-IV,,Professional Elective-IV,E-406,Mrs. K. Naga Sandhya,,,
134,11,,22PC2DS402,Deep Learning applications (DLA) Lab,E-502,Dr.R.Vasavi/ Mrs.A.Jaya Bhargavi,,,
135,11,,22PC2DS401,Data Science for BFSI (BFSI) lab,E-501,Mrs.V.Susmitha/Mrs.P.Meenakshi,,,
136,11,,22PW4DS401,Major Project Phase - I,E-406,Dr.G.Spoorthy /Dr.K. Srinivas,,,
137,11,,,,,,Seminar,Seminar,
138,11,,,,,,Library,Library,
139,11,,,,,,CCA,Co-Curricular Activity,
140,11,,,,,,Sports/ECA,Sports/ Extra Curricular Activity,
141,11,,,,,,CVA-L4,Career Vision Approach – Level 4,
142,11,,,,,,MTP,Mentoring Training & Placement,
143,12,,22PC1CY401,Block Chain Technologies (BCT),E-313,Dr. R. Kranthi Kumar,,,
144,12,,22PC1CY402,Security Operations Centre(SOC),E-313,Dr. P. Subhash,,,
145,12,,22PE1CY401,Cyber Threat Intelligence (CTI),E-313,Ms.K. Sai Pragnya,,,
146,12,PE-IV,,Professional Elective-IV,E-313,Mrs.T.Sowjanya,,,
147,12,,22PC2CY401,Block Chain Technologies (BCT) Lab,E-332(Wed) / E-316(Fri),Dr. R. Kranthi Kumar / Ms. K.Sai Pragna,,,
148,12,,22PC2CY402,Security Operations Centre(SOC) LAb,E-502(Wed) / E-315(Fri),Dr. P. Subhash / Mr.N.Sudheer,,,
149,12,,22PW4CY401,Major Project Phase - I,E-313,Dr.R. Kranthi Kumar /Dr.S.Krishna Priya,,,
150,12,,,,,,Seminar,Seminar,
151,12,,,,,,Library,Library,
152,12,,,,,,CCA,Co-Curricular Activity,
153,12,,,,,,Sports/ECA,Sports/ Extra Curricular Activity,
154,12,,,,,,CVA-L4,Career Vision Approach – Level 4,
155,12,,,,,,MTP,Mentoring Training & Placement,
156,13,,22PC1DS402,Deep Learning applications (DLA),E-526,Dr.Putti Jyothi,,,
157,13,,22PC1DS401,Data Science for BFSI (BFSI),E-526,Mrs.G.Shravani,,,
158,13,,22PE1DS401,Natural Language Processing and Text Analytics (NLP&TA),E-526,Dr.Chevella Anil Kumar,,,
159,13,PE-IV,,Professional Elective-IV,E-526,Mr. A. Madhu,,,
160,13,,22PC2DS402,Deep Learning applications (DLA) Lab,E-402(Mon) / E-415(Thurs),Dr.Putti Jyothi/Dr.K.Srinivas(Batch-1)/ Dr.S.Krishna Priya(Batch-2),,,
161,13,,22PC2DS401,Data Science for BFSI (BFSI) lab,E-417(Mon) / E-416(Thurs),Mrs.G.Shravani/ Mr.B.Sangameshwar,,,
162,13,,22PW4DS401,Major Project Phase - I,E-526,Dr. N. Pushpa latha / Dr.V.Surya Narayana Reddy,,,
163,13,,,,,,Seminar,Seminar,
164,13,,,,,,Library,Library,
165,13,,,,,,CCA,Co-Curricular Activity,
166,13,,,,,,Sports/ECA,Sports/ Extra Curricular Activity,
167,13,,,,,,CVA-L4,Career Vision Approach – Level 4,
168,13,,,,,,MTP,Mentoring Training & Placement,
169,14,,22MC1DS401,Data with Wrangling and Visualization Strategies,E-437,Dr.G.Spoorthy,,,
170,14,,22MC2DS401,Data with Wrangling and Visualization Strategies Laboratory,E-431,Dr.G.Spoorthy,,,
171,15,,22PC1MG402,Engineering Economics and Accountancy (EEA),D-508,Dr. B. Prathyusha,,,
172,15,,22PC1EC401,Microwave Engineering (MWE),D-508,Mrs. M. Bhagya Lakshmi,,,
173,15,PE-III,22PE1EC403,Languages for Embedded Software (LES),D-508 / D-404/1,Dr. N. Dhanalakshmi / Dr. Sahitya,,,
174,15,PE-III,22PE1EC401,Cellular and Mobile Communications (CMC),D-404/2,Mrs. K.Deepthi,,,
175,15,PE-III,22PE1EC404,VLSI Scripting Languages (SL VLSI),C-203,Mrs. S.Naga Leela,,,
176,15,PE-4,,Microsensors and Nanosensors,P-102/2,Dr. B. Shabharinadh,,,
177,15,PE-4,,VLSI Design Flow: RTL to GDS,A-206,Dr. A. Ramesh Kumar,,,
178,15,PE-4,,Simulation of Communication Systems using MATLAB,A-207,Mrs K. Deepthi,,,
179,15,PE-4,,Fiber Optic Communication Technology,A-209,Dr. D. Kanthi Sudha,,,
180,15,PE-4,,Introduction to Industry 4.0 and Industrial Internet of Things,C-207,Dr. N. Dhanalakshmi,,,
181,15,,22PC2EC401,Microwave Engineering Laboratory (MWE LAB),C-207,"M. Bhagya Lakshmi/Mrs. N. Syamala, Sk. Khadar Sharif",,,
182,15,,22PC2EC304,Machine Learning Laboratory (ML LAB),B-316,Dr.Santhosh Kumar/Dr. B. Sindhu,,,
183,15,,,,,,LIB,Library,
184,15,,,,,,MTP,"Mentoring, Training and Placement",
185,15,,,,,,CCA,Co-Curricular Activity,
186,15,,,,,,ECA,Extra-Curricular Activity,
187,16,,22PC1MG402,Engineering Economics and Accountancy (EEA),D-404/1,Dr.B.Prathyusha,,,
188,16,,22PC1EC401,Microwave Engineering (MWE),D-404/1,Dr.T.Srinivas,,,
189,16,PE-III,22PE1EC403,Languages for Embedded Software (LES),D-508 / D-404/1,Dr. N. Dhanalakshmi / Dr. Sahitya,,,
190,16,PE-III,22PE1EC401,Cellular and Mobile Communications (CMC),D-404/2,Mrs. K.Deepthi,,,
191,16,PE-III,22PE1EC404,VLSI Scripting Languages (SL VLSI),C-203,Mrs. S.Naga Leela,,,
192,16,PE-4,,Microsensors and Nanosensors,P-102/2,Dr. B. Shabharinadh,,,
193,16,PE-4,,VLSI Design Flow: RTL to GDS,A-206,Dr. A. Ramesh Kumar,,,
194,16,PE-4,,Simulation of Communication Systems using MATLAB,A-207,Mrs K. Deepthi,,,
195,16,PE-4,,Fiber Optic Communication Technology,A-209,Dr. D. Kanthi Sudha,,,
196,16,PE-4,,Introduction to Industry 4.0 and Industrial Internet of Things,C-207,Dr. N. Dhanalakshmi,,,
197,16,,22PC2EC401,Microwave Engineering Laboratory (MWE LAB),C-207,Mr.T.Srinivas/Mrs. K. Maheswari,,,
198,16,,22PC2EC304,Machine Learning Laboratory (ML LAB),B-316,Dr.Santhosh K C/Mrs. K. Deepthi,,,
199,16,,,,,,LIB,Library,
200,16,,,,,,MTP,"Mentoring, Training and Placement",
201,16,,,,,,CCA,Co-Curricular Activity,
202,16,,,,,,ECA,Extra-Curricular Activity,
203,17,,22PC1MG402,Engineering Economics and Accountancy (EEA),D-404/2,Dr.B.Prathyusha,,,
204,17,,22PC1EC401,Microwave Engineering (MWE),D-404/2,Dr.G.Kiran Kumar,,,
205,17,PE-III,22PE1EC403,Languages for Embedded Software (LES),D-508 / D-404/1,Dr. N. Dhanalakshmi / Dr. Sahitya,,,
206,17,PE-III,22PE1EC401,Cellular and Mobile Communications (CMC),D-404/2,Mrs. K.Deepthi,,,
207,17,PE-III,22PE1EC404,VLSI Scripting Languages (SL VLSI),C-203,Mrs. S.Naga Leela,,,
208,17,PE-4,,Microsensors and Nanosensors,P-102/2,Dr. B. Shabharinadh,,,
209,17,PE-4,,VLSI Design Flow: RTL to GDS,A-206,Dr. A. Ramesh Kumar,,,
210,17,PE-4,,Simulation of Communication Systems using MATLAB,A-207,Mrs K. Deepthi,,,
211,17,PE-4,,Fiber Optic Communication Technology,A-209,Dr. D. Kanthi Sudha,,,
212,17,PE-4,,Introduction to Industry 4.0 and Industrial Internet of Things,C-207,Dr. N. Dhanalakshmi,,,
213,17,,22PC2EC401,Microwave Engineering Laboratory (MWE LAB),C-207,Dr. G. Kiran Kumar/ V. Alekhya,,,
214,17,,22PC2EC304,Machine Learning Laboratory (ML LAB),B-317,Mr. V. Naveen Kumar/Dr. B. Sindhu,,,
215,17,,,,,,LIB,Library,
216,17,,,,,,MTP,"Mentoring, Training and Placement",
217,17,,,,,,CCA,Co-Curricular Activity,
218,17,,,,,,ECA,Extra-Curricular Activity,
219,18,,22PC1MG402,Engineering Economics and Accountancy (EEA),C-203,Dr.B.Prathyusha,,,
220,18,,22PC1EC401,Microwave Engineering (MWE),C-203,Dr Ch.Raja Kumari,,,
221,18,PE-III,22PE1EC403,Languages for Embedded Software (LES),D-508 / D-404/1,Dr. N. Dhanalakshmi / Dr. Sahitya,,,
222,18,PE-III,22PE1EC401,Cellular and Mobile Communications (CMC),D-404/2,Mrs. K.Deepthi,,,
223,18,PE-III,22PE1EC404,VLSI Scripting Languages (SL VLSI),C-203,Mrs. S.Naga Leela,,,
224,18,PE-4,,Microsensors and Nanosensors,P-102/2,Dr. B. Shabharinadh,,,
225,18,PE-4,,VLSI Design Flow: RTL to GDS,A-206,Dr. A. Ramesh Kumar,,,
367,28,,22PC1AM302,Machine Learning (ML),E305,Dr.N Sandhya,,,
226,18,PE-4,,Simulation of Communication Systems using MATLAB,A-207,Mrs K. Deepthi,,,
227,18,PE-4,,Fiber Optic Communication Technology,A-209,Dr. D. Kanthi Sudha,,,
228,18,PE-4,,Introduction to Industry 4.0 and Industrial Internet of Things,C-207,Dr. N. Dhanalakshmi,,,
229,18,,22PC2EC401,Microwave Engineering Laboratory (MWE LAB),C-207,Dr Ch.Raja Kumari/Dr.D.Kanthi Sudha,,,
230,18,,22PC2EC304,Machine Learning Laboratory (ML LAB),B-317,Dr.K.Kalyan Srinivas/Dr.K.Jyostna,,,
231,18,,,,,,LIB,Library,
232,18,,,,,,MTP,"Mentoring, Training and Placement",
233,18,,,,,,CCA,Co-Curricular Activity,
234,18,,,,,,ECA,Extra-Curricular Activity,
235,18,,,,,,Sports,Sports,
236,19,,22PC1EE401,Switchgear and Protection (SGP),D-104/2,Dr.N.Nageswara Reddy,,,
237,19,,22PC1EC421,Principles of Digital Signal Processing (PDSP),D-104/2,Mrs.I.Neelima,,,
238,19,PE-III,22PE1EE403,"Electric Vehicle (EV, PE-III)",D-104/2,Dr.G.Sasi Kumar,,,
239,19,PE-IV,,NPTEL MOOCs (PE-IV),A-301 / A-302 / A-303 / D-104/2,Dr. Rashmi Kapoor/ Mr.P.Ramesh / Dr.O.Sobhana / Dr.A.Anil Kumar/ Dr. Ch. Rami Reddy,,,
240,19,,22PC2EE401,Power Systems Laboratory (PS Lab),A-307/ A-306/2,"Dr. A. Giri Prasad/ Tue: Mrs.S.Poornima, Fri: Dr. D.Ravi Kumar",,,
241,19,,22PC2EC421,Principles of Digital Signal Processing Laboratory (PDSP Lab),A-306/1,Mrs.I.Neelima/Dr.B.Neelakanteshwar Rao,,,
242,19,,22PW4EE401,Major Project Phase – I (MPP-I),-,Dr.N.Nageswara Reddy,,,
243,19,,,,,,Seminar,Seminar,
244,19,,,,,,MTP,Mentoring Training & Placement,
245,19,,,,,,Sports/ECA,Sports/ Extra Curricular Activity,
246,19,,,,,,LIB,Library,
247,19,,,,,,CCA,Co-Curricular Activity,
248,20,,22PC1EE401,Switchgear and Protection (SGP),,Mr.N.Amarnadh Reddy,,,
249,20,,22PC1EC421,Principles of Digital Signal Processing (PDSP),,Dr.Rashmi Kapoor,,,
250,20,PE-III,22PE1EE403,"Electric Vehicle (EV, PE-III)",,Mr. D.S.G.Krishna,,,
251,20,PE-IV,,NPTEL MOOCs (PE-IV),A-301 / A-302 / A-303 / D-104/2,Dr. Rashmi Kapoor/ Mr.P.Ramesh / Dr.O.Sobhana / Dr.A.Anil Kumar/ Dr. Ch. Rami Reddy,,,
252,20,,22PC2EE401,Power Systems Laboratory (PS Lab),A-307/ A-306/2,Dr. Poonam Upadhyay/ Dr. Ch. Rami Reddy,,,
253,20,,22PC2EC421,Principles of Digital Signal Processing Laboratory (PDSP Lab),A-306/1,Dr.Rashmi Kapoor / Mon: Mrs.I.Neelima / Wed: Mr. D.S.G.Krishna,,,
254,20,,22PW4EE401,Major Project Phase – I (MPP-I),-,Dr.K.Subash Babu,,,
255,20,,,,,,Seminar,Seminar,
256,20,,,,,,MTP,Mentoring Training & Placement,
257,20,,,,,,Sports/ECA,Sports/ Extra Curricular Activity,
258,20,,,,,,LIB,Library,
259,20,,,,,,CCA,Co-Curricular Activity,
260,21,,22PC1EI402,Analytical Instrumentation(A I),D – 509,Dr. M. Sreedhar,,,
261,21,,22PC1EI401,Architecture and Protocols of Internet of Things (A P I O T),D – 509,Dr. B. Rajasekhara Reddy,,,
262,21,PE-III,22PE1EI402,Instrumentation for Petrochemical Industries (I P I),D – 509,Mr. S. Nagarjuna Chary,,,
263,21,PE-III,22PE1EC421,Wireless Sensor Networks and Protocols (W S N P),D – 509,Dr. S. Vandana,,,
264,21,PE-IV,,NPTEL COURSE,D – 509,Mr. S. Bhargav,,,
265,21,,22PC2EI402,Analytical Instrumentation Laboratory(A I LAB),B – 208,Dr. M. Sreedhar / Dr. K. Vijay Chandra,,,
266,21,,22PC2EI401,IoT A Laboratory (IoT A LAB),C – 205,Dr. J. Jyothirmai / Ms.D. Swetha,,,
267,21,,22PW4EI401,Major Project  phase - I,D – 509,Dr. M. Hari Krishna,,,
268,21,,,,,,Seminar,Seminar,
269,21,,,,,,ECA,Extra-Curricular Activity,
270,21,,,,,,CCA,Co-Curricular Activity,
271,21,,,,,,MTP,"Mentoring, Training & Placement",
272,21,,,,,,CVA-L3,Career Vision Approach Level-3,
273,22,,22PC1EI402,Analytical Instrumentation(A I),C – 302,Dr. V. Nageshwar,,,
274,22,,22PC1EI401,Architecture and Protocols of Internet of Things (A P I O T),C – 302,Dr. S. Senthil Kumar,,,
275,22,PE-III,22PE1EI402,Instrumentation for Petrochemical Industries (I P I),C – 302,Mr. S. Nagarjuna Chary,,,
276,22,PE-III,22PE1EC421,Wireless Sensor Networks and Protocols (W S N P),C – 302,Dr. S. Vandana,,,
277,22,PE-IV,,NPTEL COURSE,C – 302,Mr. S. Bhargav,,,
278,22,,22PC2EI402,Analytical Instrumentation Laboratory(A I LAB),B – 208,Dr. V. Nageshwar / Mr. S. Nagarjuna Chary,,,
279,22,,22PC2EI401,IoT A Laboratory (IoT A LAB),C – 205,Dr. J. Jyothirmai / Ms.D. Swetha,,,
280,22,,22PW4EI401,Major Project  phase - I,C – 302,Dr. V. Nageshwar,,,
281,22,,,,,,Seminar,Seminar,
282,22,,,,,,ECA,Extra-Curricular Activity,
283,22,,,,,,CCA,Co-Curricular Activity,
284,22,,,,,,MTP,"Mentoring, Training & Placement",
285,22,,,,,,CVA-L3,Career Vision Approach Level-3,
286,23,,22PC1DS303,Big Data Computing Technologies (BDCT),D-203/1,Dr B Srivani,,,
287,23,,22PC1DS402,Deep Learning Applications (DLA),D-203/1,Mr.I.Pavan Kumar,,,
288,23,PE-III,22PE1IN303,Adhoc and Sensor Networks (ASN),D-203/1,Mr. D Veerabhadra Rao,,,
289,23,PE-III,22PE1IT402,Software Project Management (SPM),D-203/2,Mr. V. Sravan Kiran,,,
290,23,PE-III,22PE1CS401,Advanced Databases (ADB),B-411(W)/ B-408(T),Dr. D. Srinivasa Rao,,,
291,23,PE-IV,Noc25-cs159,Artificial Intelligence: Concepts and Techniques (AI),,,MTP,Mentoring Training & Placement,"Dr. D. Srinivasa Rao, Dr. K. Sravanthi, Dr. G. Rajesh Kumar, Mrs. K. Radhika"
292,23,PE-IV,Noc25-cs142,Ethical Hacking (EH),,,MTP,Mentoring Training & Placement,"Dr. D. Srinivasa Rao, Dr. K. Sravanthi, Dr. G. Rajesh Kumar, Mrs. K. Radhika"
293,23,PE-IV,Noc25-cs161,Introduction to Large Language Models (LLMs),,,MTP,Mentoring Training & Placement,"Dr. D. Srinivasa Rao, Dr. K. Sravanthi, Dr. G. Rajesh Kumar, Mrs. K. Radhika"
294,23,,22PC2DS303,Big Data Computing Technologies Laboratory (BDCT LAB),A-113/114,Dr B Srivani/Mrs Kamala Challa,,,
295,23,,22PC2DS402,Deep Learning Applications Laboratory (DLA LAB),A-111/112,Mr.I.Pavan Kumar/Dr D Srinivasa Rao,,,
296,23,,22PW4IT401,Major Project Phase - I,D-203/1,Dr.G. Suresh Reddy/ Dr.A.Sreenivasa Rao,,,
297,23,,,,,,Seminar,Seminar,
298,23,,,,,,Sports/ECA,Sports/ Extra Curricular Activity,
299,23,,,,,,Library,Library,
300,23,,,,,,CCA,Co-Curricular Activity,
301,23,,,,,,SL,Self Learning,
302,23,,,,,,MTP,Mentoring Training & Placement,"Dr. D. Srinivasa Rao, Dr. K. Sravanthi, Dr. G. Rajesh Kumar, Mrs. K. Radhika"
303,24,,22PC1DS303,Big Data Computing Technologies (BDCT),D-203/2,Dr V Saritha,,,
304,24,,22PC1DS402,Deep Learning Applications (DLA),D-203/2,Dr G Madhu,,,
305,24,PE-III,22PE1IN303,Adhoc and Sensor Networks (ASN),D-203/1,Mr. D Veerabhadra Rao,,,
306,24,PE-III,22PE1IT402,Software Project Management (SPM),D-203/2,Mr. V. Sravan Kiran,,,
307,24,PE-III,22PE1CS401,Advanced Databases (ADB),B-411(W)/ B-408(T),Dr. D. Srinivasa Rao,,,
308,24,PE-IV,Noc25-cs159,Artificial Intelligence: Concepts and Techniques (AI),,,MTP,Mentoring Training & Placement,"Dr B Raswitha, Mr V Sravan Kiran, Mrs Ch Kamala, Mrs K Radhika"
309,24,PE-IV,Noc25-cs142,Ethical Hacking (EH),,,MTP,Mentoring Training & Placement,"Dr B Raswitha, Mr V Sravan Kiran, Mrs Ch Kamala, Mrs K Radhika"
310,24,PE-IV,Noc25-cs161,Introduction to Large Language Models (LLMs),,,MTP,Mentoring Training & Placement,"Dr B Raswitha, Mr V Sravan Kiran, Mrs Ch Kamala, Mrs K Radhika"
311,24,,22PC2DS303,Big Data Computing Technologies Laboratory (BDCT LAB),A-113/114,Dr V Saritha/Ms K Radhika,,,
312,24,,22PC2DS402,Deep Learning Applications Laboratory (DLA LAB),A-111/112,Dr G Madhu/Mrs M Susmitha,,,
313,24,,22PW4IT401,Major Project Phase - I,D-203/2,Dr G Madhu/Dr G Naga Chandrika,,,
314,24,,,,,,Seminar,Seminar,
315,24,,,,,,Sports/ECA,Sports/ Extra Curricular Activity,
316,24,,,,,,Library,Library,
317,24,,,,,,CCA,Co-Curricular Activity,
318,24,,,,,,SL,Self Learning,
319,24,,,,,,MTP,Mentoring Training & Placement,"Dr B Raswitha, Mr V Sravan Kiran, Mrs Ch Kamala, Mrs K Radhika"
320,25,,22PC1DS303,Big Data Computing Technologies (BDCT),,Mrs Kamala Challa,,,
321,25,,22PC1DS402,Deep Learning Applications (DLA),,Mrs Anu ragavi,,,
322,25,PE-III,22PE1IN303,Adhoc and Sensor Networks (ASN),D-203/1,Mr. D Veerabhadra Rao,,,
323,25,PE-III,22PE1IT402,Software Project Management (SPM),D-203/2,Mr. V. Sravan Kiran,,,
324,25,PE-III,22PE1CS401,Advanced Databases (ADB),B-411(W)/ B-408(T),Dr. D. Srinivasa Rao,,,
325,25,PE-IV,Noc25-cs159,Artificial Intelligence: Concepts and Techniques (AI),,,MTP,Mentoring Training & Placement,"Mrs ch Rohini, Mrs S Anoosha, Mr T Ravi, Mrs K Radhika"
326,25,PE-IV,Noc25-cs142,Ethical Hacking (EH),,,MTP,Mentoring Training & Placement,"Mrs ch Rohini, Mrs S Anoosha, Mr T Ravi, Mrs K Radhika"
327,25,PE-IV,Noc25-cs161,Introduction to Large Language Models (LLMs),,,MTP,Mentoring Training & Placement,"Mrs ch Rohini, Mrs S Anoosha, Mr T Ravi, Mrs K Radhika"
328,25,,22PC2DS303,Big Data Computing Technologies Laboratory (BDCT LAB),A-113/114,Mrs Kamala Challa/Mrs Renu Deepti,,,
329,25,,22PC2DS402,Deep Learning Applications Laboratory (DLA LAB),A-111/112,Mrs Anu ragavi/Mrs M Radha,,,
330,25,,22PW4IT401,Major Project Phase - I,,Dr V Radha Krishna/Dr G Rajesh Kumar,,,
331,25,,,,,,Seminar,Seminar,
332,25,,,,,,Sports/ECA,Sports/ Extra Curricular Activity,
333,25,,,,,,Library,Library,
334,25,,,,,,CCA,Co-Curricular Activity,
335,25,,,,,,SL,Self Learning,
336,25,,,,,,MTP,Mentoring Training & Placement,"Mrs ch Rohini, Mrs S Anoosha, Mr T Ravi, Mrs K Radhika"
337,26,,22PC1AM202,Data Engineering (DE),E238,Ms.K Naga Durga Saile,,,
338,26,,22PC1IT202,Operating systems (OS),E238,Ms.M Mehar Sharanya,,,
339,26,,22PC1AM203,Automata and Compiler Design (ACD),E238,Dr. M Gangappa,,,
340,26,,22PC1IN301,IoT Architecture and Protocols (IoTAP),E238,Mr. R Ravi Kumar,,,
341,26,PE-I,22PE1AM301,Web programming(WP),E238,Mr.U.Veeresh,,,
342,26,,22PC2IN301,IoT Architecture and Protocols Laboratory (IoTAP LAB),E230&E231,Mr. R Ravi Kumar/Ms. K Akhila Tejaswini,,,
343,26,,22PC2AM202,Data Engineering Laboratory (DE LAB),E203&E233,Ms.K Naga Durga Saile/Mr. Kakumanu Sreenivasa Rao / Ms. Kanchari Bavajigari Anusha,,,
344,26,,22MN6HS302,Gender sensitization(GS),E238,Ms. Aswathi Bai,,,
345,26,,,,,,MTP,Mentoring Training & Placement,
346,26,,,,,,LIB,Library,
347,26,,,,,,SPORTS,Sports,
348,26,,,,,,ECA/CCA,Extra Curricular Activity / Co-Curricular Activity,
349,26,,,,,,SL,Self Learning,
350,27,,22PC1IN202,Computer Networks (CN),E304,Mr .Vorem  Kishore,,,
351,27,,22PC1AM301,Artificial Intelligence (AI),E304,Ms.Preety Singh,,,
352,27,,22PC1IT202,Operating Systems (OS),E304,Mr. Kakumanu Sreenivasa Rao,,,
353,27,,22PC1AM302,Machine Learning (ML),E304,Ms. Ravula Jyothsna,,,
354,27,PE-I,22PE1AM301,Web Programming(WP),E304,Mr. Nelluru Anjaneyulu,,,
355,27,PE-I,22PE1AM302,Explainable AI(EAI),E305,Dr. Jasthi Kiran,,,
356,27,,22PC2AM322,Computer Networks and Operating Systems Laboratory(CN&OS LAB),E230&E231,Mr .Vorem  Kishore/ Mr. Kakumanu Sreenivasa Rao,,,
357,27,,22PC2AM302,Machine Learning Laboratory  (ML LAB),E201&E202,Ms. Ravula Jyothsna/ Mr. N. Anjaneyulu /Ms.M Mehar Sharanya,,,
358,27,,22MN6HS302,Gender Sensitization(GS),E304,Ms. Sreepriya,,,
359,27,,,,,,MTP,Mentoring Training & Placement,
360,27,,,,,,LIB,Library,
361,27,,,,,,SPORTS,Sports,
362,27,,,,,,ECA/CCA,Extra Curricular Activity / Co-Curricular Activity,
363,27,,,,,,SL,Self Learning,
364,28,,22PC1IN202,Computer Networks (CN),E305,Ms.Dondeti Sowmya Chowdary,,,
365,28,,22PC1AM301,Artificial Intelligence (AI),E305,Dr . A Kousar Nikhath,,,
366,28,,22PC1IT202,Operating Systems (OS),E305,Dr. Kunka Bheemalingappa,,,
517,38,,,,,,Library,Library,
368,28,PE-I,22PE1AM301,Web Programming(WP),E304,Mr. Nelluru Anjaneyulu,,,
369,28,PE-I,22PE1AM302,Explainable AI(EAI),E305,Dr. Jasthi Kiran,,,
370,28,,22PC2AM322,Computer Networks and Operating Systems Laboratory(CN&OS LAB),E230&E231,Ms.Dondeti Sowmya Chowdary/ Dr. Kunka Bheemalingappa,,,
371,28,,22PC2AM302,Machine Learning Laboratory  (ML LAB),E201&E202,Dr.N Sandhya/Ms. Ravula Jyothsna/Ms.J.Sravanthi,,,
372,28,,22MN6HS302,Gender Sensitization(GS),E305,Dr. K Ujjwala,,,
373,28,,,,,,MTP,Mentoring Training & Placement,
374,28,,,,,,LIB,Library,
375,28,,,,,,SPORTS,Sports,
376,28,,,,,,ECA/CCA,Extra Curricular Activity / Co-Curricular Activity,
377,28,,,,,,SL,Self Learning,
378,29,,22PC1IN202,Computer Networks (CN),E307,Ms.Chilukuri Divya,,,
379,29,,22PC1AM301,Artificial Intelligence (AI),E307,Dr . A Kousar Nikhath,,,
380,29,,22PC1IT202,Operating Systems (OS),E307,Ms.M Mehar Sharanya,,,
381,29,,22PC1AM302,Machine Learning (ML),E307,Ms.N Jaya Sri,,,
382,29,PE-I,22PE1AM301,Web Programming(WP),E304,Mr. Nelluru Anjaneyulu,,,
383,29,PE-I,22PE1AM302,Explainable AI(EAI),E305,Dr. Jasthi Kiran,,,
384,29,,22PC2AM322,Computer Networks and Operating Systems Laboratory(CN&OS LAB),E230&E231,Ms.Chilukuri Divya/Ms.M Mehar Sharanya,,,
385,29,,22PC2AM302,Machine Learning Laboratory  (ML LAB),E301&E302,Ms.N Jaya Sri/Ms.K Naga Durga Saile/ Dr. Awari Harshavardhan,,,
386,29,,22MN6HS302,Gender Sensitization(GS),E307,Dr. Rosy Matilda,,,
387,29,,,,,,MTP,Mentoring Training & Placement,
388,29,,,,,,LIB,Library,
389,29,,,,,,SPORTS,Sports,
390,29,,,,,,ECA/CCA,Extra Curricular Activity / Co-Curricular Activity,
391,29,,,,,,SL,Self Learning,
392,30,,22PC1AE301,Automotive Electrical and Electronics (AEE),D-413,Mr. MohamadAziz Athani,,,
393,30,,22PC1AE302,Vehicle Dynamics (VD),D-413,Mr.Balappa Hadagali,,,
394,30,,22PC1AE303,Design for Automotive Components (DAC),D-413,Mr. T. Praveen Kumar,,,
395,30,PE-I,22PE1AE304,Motorsport Engineering,D-413,Dr. Ch. Sri Chaitanya / Dr. S. Aslam Ansari,,,
396,30,,22PC2AE301,Automotive Electrical and Electronics Laboratory (AEE Lab),D-405,Mr. MohamadAziz Athani / Mr. M. Krishna,,,
397,30,,22PC2AE310,Automotive Simulation Laboratory (AS Lab),D-412,Dr. Ch. Sri Chaitanya  / Mr. R. Ramu,,,
398,30,,22HS2EN301,Advanced English Communication Skills Laboratory (AECS Lab),D-506,Ms. Waheeda Shafia (Tue) / Mr. K. Ashok (Wed),,,
399,30,,22MN6HS301,Ancient Wisdom,KS Audi,Dr. V. Rathinam / Dr. Sailaja Simma,,,
400,30,,,,,,Seminar,Seminar,
401,30,,,,,,Library,Library,
402,30,,,,,,ECA,Extra-Curricular Activity,
403,30,,,,,,CCA,Co-Curricular Activity,
404,30,,,,,,Sports,Sports,
405,30,,,,,,MTP,"Mentoring, Training & Placement","Mr. T. Praveen Kumar / Dr. B. Harish Babu, / Mr. M Vijay"
406,30,,,,,,CVA-L3,Career Vision Approach Level3,
407,31,,22PC1CE301,Design of Reinforced Concrete Structures (DRCS),D - 105,Mrs. A.Jyothirmai,,,
408,31,,22PC1CE302,Water Resources Engineering (WRE),D - 105,Dr. P Z Seenu,,,
409,31,,22PC1CE303,Estimation and Costing (E & C),D - 105,Dr. Arti Sudam,,,
410,31,PE-1,22PE1CE301,Pavement Analysis and Design (PE -1 PAD),D - 112,Dr. A. Ramesh,,,
411,31,PE-1,22PE1CE304,Traffic Engineering (PE -1 TE),D - 105,Dr. K.Sahitya,,,
412,31,,,Open Elective-I (OE - I),,,,,
413,31,,22PC2CE311,Engineering Geology Lab (EG Lab),D - 009,Dr. Arti Sudam/ Dr.JYV Shiva Bhushan,,,
414,31,,22SD5CE301,Introduction to Data Analytics for Civil Engineers (IDACE),D -215,Dr.K.Ravi Kumar/ Mr.G.Samba Siva Rao / Dr. D.Harinder,,,
415,31,,22HS2EN301,Advanced English Communication Skills Laboratory (AECS LAB),D-507/ D -506,Wednesday: Dr. Somrwita Ghosh  (D 507) /Friday: Dr. Sudha Rani (D 506),,,
416,31,,22MN6HS301,Ancient Wisdom Leading Edge Technologies and Modern Living (AW),KS Auditorium,Dr.Sailaja Simma/ Mrs.R. Harika,,,
417,31,,,,,,MENTORING,MENTORING,
418,31,,,,,,TRAINING,,
419,31,,,,,,ECA/CCA,,
420,31,,,,,,LIBRARY,,
421,31,,,,,,SPORTS,,
422,32,,22PC1CE301,Design of Reinforced Concrete Structures (DRCS),D - 116,Dr.B.Murali Krishna,,,
423,32,,22PC1CE302,Water Resources Engineering (WRE),D - 116,Dr. K. Ravi Kumar,,,
424,32,,22PC1CE303,Estimation and Costing (E & C),D - 116,Dr. Sangeetha S.,,,
425,32,PE-1,22PE1CE301,Pavement Analysis and Design (PE -1 PAD),D - 112,Dr. A. Ramesh,,,
426,32,PE-1,22PE1CE304,Traffic Engineering (PE -1 TE),D - 116,Dr. T. Naga Teja,,,
427,32,,,Open Elective-I (OE - I),,,,,
428,32,,22PC2CE311,Engineering Geology Lab (EG Lab),D - 009,Dr. K. Suresh / Dr. Priyam Nath Bhowmik,,,
429,32,,22SD5CE301,Introduction to Data Analytics for Civil Engineers (IDACE),D -215,Dr. K.Ravi Kumar/ Mrs. V. Ramya Krishna / Mr.G.Samba Siva Rao,,,
430,32,,22HS2EN301,Advanced English Communication Skills Laboratory (AECS LAB),D – 510/D-506,Monday: Ms.D.Divya (D 510)/Thursday: Dr. Rachel Irdaya Raj (D 506),,,
431,32,,22MN6HS301,Ancient Wisdom Leading Edge Technologies and Modern Living (AW),KS Auditorium,Dr.Sailaja Simma/ Mrs.R. Harika,,,
432,32,,,,,,MENTORING,MENTORING,
433,32,,,,,,TRAINING,,
434,32,,,,,,ECA/CCA,,
435,32,,,,,,LIBRARY,,
436,32,,,,,,SPORTS,,
437,33,,22PC1AM203,Automata and Compiler Design (ACD),E-005,Dr. R. Vijaya Saraswathi,,,
438,33,,22PC1IN202,Computer Networks (CN),E-005,Mr .N. Tirupathi,,,
439,33,,22PC1AM301,Artificial Intelligence (AI),E-005,Dr. Deepak Sukheja,,,
440,33,,22HS1MG301,Principles of Management and Organizational Behavior (PMOB),E-005,Dr. K. Anil Kumar,,,
441,33,PE-I,22PC1IT301,Data Mining  (DM),E-012,Mrs. G. Laxmi Deepthi,,,
442,33,PE-I,22PE1IT302,Agile software process (AGS),E-004,Mrs. K. Swathi,,,
443,33,PE-I,22PE1AM305,Internet of Things (IOT),E-006,Mr. P. Praveen,,,
444,33,,22PC2CS301,Compiler Design and Computer Networks Laboratory (CDCN Lab),E-001/ E-002,Dr. R. Vijaya Saraswathi/ Mr. N. Thirupathi,,,
445,33,,22HS2EN301,Advanced Communication Skills Laboratory (ASC Lab),B-403/405,Dr. Sudha Devi/Mr. K. Ashok,,,
446,33,,22MN6HS301,Ancient Wisdom (AW),KS AUDI,Mrs. P. Prasanna,,,
447,33,,,,,,ECA,EXTRA CURRICULAR ACTIVITY,
448,33,,,,,,CCA,CO CURRICULAR ACTIVITY,
449,33,,,,,,LIBRARY,LIBRARY,
450,33,,,,,,SPORTS,SPORTS,
451,34,,22PC1AM203,Automata and Compiler Design (ACD),E-006,Mr. S. Balchandar Reddy,,,
452,34,,22PC1IN202,Computer Networks (CN),E-006,Mr. N. Praveen,,,
453,34,,22PC1AM301,Artificial Intelligence (AI),E-006,Mr. S. Saddam Hussain,,,
454,34,,22HS1MG301,Principles of Management and Organizational Behavior (PMOB),E-006,Mr. K V L N Pavan Kumar,,,
455,34,PE-I,22PC1IT301,Data Mining  (DM),E-012,Mrs. G. Laxmi Deepthi,,,
456,34,PE-I,22PE1IT302,Agile software process (AGS),E-004,Mrs. K. Swathi,,,
457,34,PE-I,22PE1AM305,Internet of Things (IOT),E-006,Mr. P. Praveen,,,
458,34,,22PC2CS301,Compiler Design and Computer Networks Laboratory (CDCN Lab),E030/031,Mr. S. Balchandar Reddy / Mr. N .Praveen,,,
459,34,,22HS2EN301,Advanced Communication Skills Laboratory (ASC Lab),B-403/405,Dr. Rachel Irdaya Raj/Dr. Sudha Rani,,,
460,34,,22MN6HS301,Ancient Wisdom (AW),KS AUDI,Mrs. P. Prasanna,,,
461,34,,,,,,ECA,EXTRA CURRICULAR ACTIVITY,
462,34,,,,,,CCA,CO CURRICULAR ACTIVITY,
463,34,,,,,,LIBRARY,LIBRARY,
464,34,,,,,,SPORTS,SPORTS,
465,35,,22PC1AM203,Automata and Compiler Design (ACD),E-003,Mr. S. Balchandar Reddy,,,
466,35,,22PC1IN202,Computer Networks (CN),E-003,Dr. M. Srikanth,,,
467,35,,22PC1AM301,Artificial Intelligence (AI),E-003,Dr. P. Anjusha,,,
468,35,,22HS1MG301,Principles of Management and Organizational Behavior (PMOB),E-003,Mr. K V .L. N. Pavan Kumar,,,
469,35,PE-I,22PC1IT301,Data Mining  (DM),E-012,Dr. P. Bharath Kumar,,,
470,35,PE-I,22PE1IT302,Agile software process (AGS),E-004,Mrs. K. Swathi,,,
471,35,PE-I,22PE1AM305,Internet of Things (IOT),E-006,Mr. P. Praveen,,,
472,35,,22PC2CS301,Compiler Design and Computer Networks Laboratory (CDCN Lab),E-014/015,Mr. S. Balchandar Reddy / Dr. M. Srikanth,,,
473,35,,22HS2EN301,Advanced Communication Skills Laboratory (ASC Lab),B-403/405,Dr. Prativa Rani Saha/Dr. Lalitha Sreedevi,,,
474,35,,22MN6HS301,Ancient Wisdom (AW),KS AUDI,Mr. S. Saddam Hussain,,,
475,35,,,,,,ECA,EXTRA CURRICULAR ACTIVITY,
476,35,,,,,,CCA,CO CURRICULAR ACTIVITY,
477,35,,,,,,LIBRARY,LIBRARY,
478,35,,,,,,SPORTS,SPORTS,
479,36,,22PC1AM203,Automata and Compiler Design (ACD),E-004,Mr. Ch. Suresh Kumar Raju,,,
480,36,,22PC1IN202,Computer Networks (CN),E-004,Ms. M. Srijitha,,,
481,36,,22PC1AM301,Artificial Intelligence (AI),E-004,Mr. S. Saddam Hussain,,,
482,36,,22HS1MG301,Principles of Management and Organizational Behavior (PMOB),E-004,Dr. K. Anil Kumar,,,
483,36,PE-I,22PC1IT301,Data Mining  (DM),E-012,Dr. P. Bharath Kumar,,,
484,36,PE-I,22PE1IT302,Agile software process (AGS),E-004,Mrs. K. Swathi,,,
485,36,PE-I,22PE1AM305,Internet of Things (IOT),E-006,Mr. P. Praveen,,,
486,36,,22PC2CS301,Compiler Design and Computer Networks Laboratory (CDCN Lab),E-014/015,Mr. Ch. Suresh Kumar Raju/ Ms. M. Srijitha,,,
487,36,,22HS2EN301,Advanced Communication Skills Laboratory (ASC Lab),D-506/507,Dr. Khamar Jahan/Dr. Somarwita Ghosh,,,
488,36,,22MN6HS301,Ancient Wisdom (AW),KS AUDI,Mr. S. Saddam Hussain,,,
489,36,,,,,,ECA,EXTRA CURRICULAR ACTIVITY,
490,36,,,,,,CCA,CO CURRICULAR ACTIVITY,
491,36,,,,,,LIBRARY,LIBRARY,
492,36,,,,,,SPORTS,SPORTS,
493,37,,22HS1MG302,Fundamentals of Economics,E106,Mrs. Ch. V L L Kusuma Kumari,,,
494,37,,22PC1CB301,Computer Networks,E106,Mrs. N. Sarika,,,
495,37,,22PC1CB302,Machine Learning,E106,Mr. K. Akhil,,,
496,37,P.E-I,22PE1CB303,Data Mining and Analytics,E119,Mr. M. Sandeep,,,
497,37,P.E-I,22 PE1CB301,Conversational Systems,E106,Mr. P. Sudheer Benarji,,,
498,37,O.E-I,22OE1CB301,Introduction to IOT,E106,Mrs. S. Ambika,,,
499,37,,22PC2CB301,Computer Networks Laboratory,E001(mon)/E101(wed),Mrs. N. Sarika/Mr. N. Praveen,,,
500,37,,22PC2CB302,Machine Learning Lab,E002(mon)/E102(wed),Mr. K. Akhil/Mrs. G. Laxmi Deepthi,,,
501,37,,22SD5CB301,Data Visualization Lab Through Power BI,E-014/015,Mr. I. Ravindra Kumar/Mrs. Ch. Sandhya Rani,,,
502,37,,22PW4CB301,Design Thinking,E-004,Mr. M. Venkata Krishna Rao,,,
503,37,,22MN6HS302,Gender Sensitization,E-004,Dr. Mary Berifin,,,
504,37,,,,,,ECA,EXTRA CURRICULAR ACTIVITY,
505,37,,,,,,CCA,CO CURRICULAR ACTIVITY,
506,37,,,,,,LIBRARY,LIBRARY,
507,37,,,,,,SPORTS,SPORTS,
508,38,,22PC1AM203,Automata and Compiler Design (ACD),E-434,Mrs.T.Sowjanya,,,
509,38,,22PC1CY201,Computer Networks and Ethical hacking(CN&EH),E-434,Dr.Tejaswi Potluri,,,
510,38,,22PC1DS301,Models in Data Science (MDS),E-434,Mrs.E. Lalitha,,,
511,38,,22PC1DS302,Cloud Computing  Technologies (CC),E-434,Mr.P. Venkateswara Rao,,,
512,38,PE-I,22PE1DS301,Unsupervised  Learning Algorithms(USLA),E-434,Mrs.D.Sreevidya,,,
513,38,,22PC2DS301,Models in Data Science Laboratory (MDS LAB),E-401,Mrs.E. Lalitha/ Mrs.Jothsna Duggirala,,,
514,38,,22PC2CY201,Computer Networks and Ethical hacking Laboratory (CN&EH LAB),E-403,Dr.Tejaswi Potluri/ Mrs.B.Dhanalaxmi,,,
515,38,,22MN6HS302,Gender Sensitization(GS),E-434,Dr.Lalitha Sreedevi,,,
516,38,,,,,,Seminar,Seminar,
518,38,,,,,,CCA,Co-Curricular Activity,
519,38,,,,,,Sports/ECA,Sports/ Extra Curricular Activity,
520,38,,,,,,CVA-L3,Career Vision Approach – Level 3,
521,38,,,,,,MTP,Mentoring Training & Placement,
522,39,,22PC1AM203,Automata and Compiler Design (ACD),E-435,Mr. G. Sathar,,,
523,39,,22PC1CY201,Computer Networks and Ethical hacking(CN&EH),E-435,Mr.Y.Manohar Reddy,,,
524,39,,22PC1DS301,Models in Data Science(MDS),E-435,Dr.G.Spoorthy,,,
525,39,,22PC1DS302,Cloud Computing  Technologies (CC),E-435,Dr.T. Sunil Kumar,,,
526,39,PE-I,22PE1DS301,Unsupervised  Learning Algorithms (USLA),E-435,Mrs.CH..N.V.Jyothirmai,,,
527,39,,22PC2DS301,Models in Data Science Laboratory (MDS LAB),E-401(Batch-1) / E-402(Batch-2),Dr.G.Spoorthy / Ms. DhanShree Mukund Pandey(Batch-1)/ Mrs. D. Sree Vidya (Batch-2),,,
528,39,,22PC2CY201,Computer Networks and Ethical hacking Laboratory (CN&EH LAB),E-403,Mr.Y.Manohar Reddy /Mrs.N.Vasundhara,,,
529,39,,22MN6HS302,Gender Sensitization(GS),E-435,Dr.Mary Berifin,,,
530,39,,,,,,Seminar,Seminar,
531,39,,,,,,Library,Library,
532,39,,,,,,CCA,Co-Curricular Activity,
533,39,,,,,,Sports/ECA,Sports/ Extra Curricular Activity,
534,39,,,,,,CVA-L3,Career Vision Approach – Level 3,
535,39,,,,,,MTP,Mentoring Training & Placement,
536,40,,22PC1AM203,Automata and Compiler Design (ACD),E-413,Mrs.Jothsna Duggirala,,,
537,40,,22PC1CY201,Computer Networks and Ethical hacking(CN&EH),E-413,Mrs.G. Usha Rani,,,
538,40,,22PC1DS301,Models in Data Science(MDS),E-413,Dr.B. Durga Venkata Chandra Mohan Rao,,,
539,40,,22PC1DS302,Cloud Computing  Technologies (CC),E-413,Dr.P. Neelakantan,,,
540,40,PE-I,22PE1DS301,Unsupervised  Learning Algorithms (USLA),E-413,Mrs.P. Meenakshi,,,
541,40,,22PC2DS301,Models in Data Science Laboratory (MDS LAB),E-317,Dr.B. Durga Venkata Chandra Mohan Rao / Mr.G. Sathar,,,
542,40,,22PC2CY201,Computer Networks and Ethical hacking Laboratory (CN&EH LAB),E-332,Mrs.G. Usha Rani / Mr.P Balakesava Reddy,,,
543,40,,22MN6HS302,Gender Sensitization(GS),E-413,Dr.Waheed Shafia,,,
544,40,,,,,,Seminar,Seminar,
545,40,,,,,,Library,Library,
546,40,,,,,,CCA,Co-Curricular Activity,
547,40,,,,,,Sports/ECA,Sports/ Extra Curricular Activity,
548,40,,,,,,CVA-L3,Career Vision Approach – Level 3,
549,40,,,,,,MTP,Mentoring Training & Placement,
550,41,,22PC1IT202,Operating Systems(OS),E-313,Dr.G. Lakshmi Naga Jayaprada,,,
551,41,,22PC1CY301,Secure Software Engineering(SSE),E-313,Mr. N. Sudheer,,,
552,41,,22PC1CY302,Malware Analysis(MA),E-313,Dr.P.Subhash,,,
553,41,,22PC1DS301,Models in Data Science(MDS),E-313,Mrs.B.Dhanalaxmi,,,
554,41,PE-I,22PE1CY301,Information and Network Security(INS),E-313,Mrs. G. Mounika,,,
555,41,,22PC2CY312,Operating Systems & Secure Software Engineering Laboratory(OS&SSE LAB),E-402,Dr.G. Lakshmi Naga Jayaprada / Mr.N.Sudheer,,,
556,41,,22PC2CY302,Malware Analysis Laboratory(MA LAB),E-331,Dr.P. Subhash /Mrs. G. Mounika,,,
557,41,,22MN6HS302,Gender Sensitization(GS),E-313,Dr.Ayesha Salma,,,
558,41,,,,,,Seminar,Seminar,
559,41,,,,,,Library,Library,
560,41,,,,,,CCA,Co-Curricular Activity,
561,41,,,,,,Sports/ECA,Sports/ Extra Curricular Activity,
562,41,,,,,,CVA-L3,Career Vision Approach – Level 3,
563,41,,,,,,MTP,Mentoring Training & Placement,
564,42,,22PC1AM203,Automata and Compiler Design(ACD),E-526,Mr.G. Sathar,,,
565,42,,22PC1CY201,Computer Networks and Ethical hacking(CN&EH),E-526,Dr. A.Pramod Kumar,,,
566,42,,22PC1AD301,Artificial Intelligence Essentials(AIE),E-526,Mr. Manmath Nath Das,,,
567,42,,22PC1DS302,Cloud Computing  Technologies(CC),E-526,Mr.P. Venkateswara rao,,,
568,42,PE-I,22PE1DS301,Unsupervised  Learning Algorithms(USLA),E-526,Dr.M.Laxmidevi,,,
569,42,,22PC2DS301,Artificial Intelligence Essentials Laboratory (AIE LAB),E-402,Mr. Manmath Nath Das / Mrs.B.Dhanalaxmi,,,
570,42,,22PC2CY201,Computer Networks and Ethical hacking Laboratory(CN&EH LAB),E-501,Dr.A.PramodKumar/Mr.B.Sangameshwar(Batch1)/ Mrs. D. Sree Vidya (Batch-2),,,
571,42,,22MN6HS302,Gender Sensitization(GS),E-526,Dr.Khamar Jahan,,,
572,42,,,,,,Seminar,Seminar,
573,42,,,,,,Library,Library,
574,42,,,,,,CCA,Co-Curricular Activity,
575,42,,,,,,Sports/ECA,Sports/ Extra Curricular Activity,
576,42,,,,,,CVA-L3,Career Vision Approach – Level 3,
577,42,,,,,,MTP,Mentoring Training & Placement,
578,43,,22PC1EC303,Antennas and Wave Propagation (AWP),A-001,Ms. V. Alekhya,,,
579,43,,22PC1EC302,Digital Signal Processing (DSP),A-001,Dr. Y. Padma Shayi,,,
580,43,,22PC1EC301,Microprocessors and Microcontrollers (MPMC),A-001,Dr. A. Ramesh Kumar,,,
581,43,,22PC2EC302,Digital Signal Processing Laboratory (DSP LAB),A-209,Dr. Y. Padma Shayi/ Dr. T. Srinivas / Dr. Ranjan Kumar S,,,
582,43,,22PC2EC301,Microprocessors and Microcontrollers Laboratory (MPMC LAB),A-206,Dr. A. Ramesh Kumar/ V. Naveen Kumar / Dr. K. Jyostna,,,
583,43,,22HS2EN301,Advanced Communication Skills Laboratory (ACS LAB),B 403 & 405,Dr. Prativa Rani Saha/ Dr. Rachel Irdaya Raj,,,
584,43,,22MN6HS301,Ancient Wisdom (AW),KS Audi,"Dr. Shailaja Simma, K.Dharani",,,
585,43,PE-1,22PE1EC301,Information Theory and Coding (ITC),A 001,Dr. Santhosh K C,,,
586,43,PE-1,22PE1EC302,Real Time Operating Systems (RTOS),B 412,Dr. K. Jyostna,,,
587,43,PE-1,22PE1EC305,HDL Based Design and Verification (HDL BD &V),B 313 / D 516,Dr. N. Neelima/Dr. V. Priyanka,,,
588,43,PE-1,22PE1MT301,Essential Mathematics for Machine Learning,D 517,Dr. J. Srinivas,,,
589,43,,,,,,LIB,Library/ECA/CCA,
590,43,,,,,,AW,Ancient Wisdom,
591,43,,,,,,MTP,MTP,
592,44,,22PC1EC303,Antennas and Wave Propagation (AWP),B-412,Dr. B. Sindhu,,,
593,44,,22PC1EC302,Digital Signal Processing (DSP),B-412,Dr. Ranjan Kumar.S,,,
594,44,,22PC1EC301,Microprocessors and Microcontrollers (MPMC),B-412,Dr B. B. Shabarinath,,,
595,44,,22PC2EC302,Digital Signal Processing Laboratory (DSP LAB),A-209,Dr.Ranjan Kumar.S/Dr.Pradeep Kumar/ T.Chiranjeevi,,,
596,44,,22PC2EC301,Microprocessors and Microcontrollers Laboratory (MPMC LAB),A-206,Dr B.B.Shabarinath /R. Ravi Kumari/ Dr. D. Ramesh Reddy,,,
597,44,,22HS2EN301,Advanced Communication Skills Laboratory (ACS LAB),B 403 & 405,Dr. Sudha Rani/ Dr. Khamar Jahan,,,
598,44,,22MN6HS301,Ancient Wisdom (AW),KS Audi,"Dr. Shailaja Simma, Dr. B.Sindhu",,,
599,44,PE-1,22PE1EC301,Information Theory and Coding (ITC),A 001,Dr. Santhosh K C,,,
600,44,PE-1,22PE1EC302,Real Time Operating Systems (RTOS),B 412,Dr. K. Jyostna,,,
601,44,PE-1,22PE1EC305,HDL Based Design and Verification (HDL BD &V),B 313 / D 516,Dr. N. Neelima/Dr. V. Priyanka,,,
602,44,PE-1,22PE1MT301,Essential Mathematics for Machine Learning,D 517,Dr. J. Srinivas,,,
603,44,,,,,,LIB,Library,
604,44,,,,,,MTP,"Mentoring, Training and Placement",
605,44,,,,,,ECA,Extra-Curricular Activity,
606,44,,,,,,CCA,Co-Curricular Activity,
607,44,,,,,,Sports,Sports,
608,45,,22PC1EC303,Antennas and Wave Propagation (AWP),D-516,Dr. Kanthi Sudha,,,
609,45,,22PC1EC302,Digital Signal Processing (DSP),D-516,Dr. Archana K Bhange,,,
610,45,,22PC1EC301,Microprocessors and Microcontrollers (MPMC),D-516,Ms. Shruti S Munde,,,
611,45,,22PC2EC302,Digital Signal Processing Laboratory (DSP LAB),A-209,Dr. Archana K Bhange / Dr.Y.Padma Shayi/ M. Bajibabu,,,
612,45,,22PC2EC301,Microprocessors and Microcontrollers Laboratory (MPMC LAB),A-206,Ms. Shruti S Munde / R. Ravi Kumar/ Dr. D. Ramesh Reddy,,,
613,45,,22HS2EN301,Advanced Communication Skills Laboratory (ACS LAB),D505 & 506,Dr. Prativa Rani Saha/ Dr. Sudha Devi,,,
614,45,,22MN6HS301,Ancient Wisdom (AW),KS Audi,"Dr. Shailaja Simma, Ms. Ramadevi",,,
615,45,PE-1,22PE1EC301,Information Theory and Coding (ITC),A 001,Dr. Santhosh K C,,,
616,45,PE-1,22PE1EC302,Real Time Operating Systems (RTOS),B 412,Dr. K. Jyostna,,,
617,45,PE-1,22PE1EC305,HDL Based Design and Verification (HDL BD &V),B 313 / D 516,Dr. N. Neelima/Dr. V. Priyanka,,,
618,45,PE-1,22PE1MT301,Essential Mathematics for Machine Learning,D 517,Dr. J. Srinivas,,,
619,45,,,,,,LIB,Library,
620,45,,,,,,MTP,"Mentoring, Training and Placement",
621,45,,,,,,ECA,Extra-Curricular Activity,
622,45,,,,,,CCA,Co-Curricular Activity,
623,45,,,,,,Sports,Sports,
624,46,,22PC1EC303,Antennas and Wave Propagation (AWP),D-517,Dr. K. Kalyan Srinivas,,,
625,46,,22PC1EC302,Digital Signal Processing (DSP),D-517,Dr. Pradeep Kumar,,,
626,46,,22PC1EC301,Microprocessors and Microcontrollers (MPMC),D-517,Sireesha. A,,,
627,46,,22PC2EC302,Digital Signal Processing Laboratory (DSP LAB),A 209,Dr. Pradeep Kumar/ Dr. G.Kiran Kumar/Dr.Archana K Bhange,,,
628,46,,22PC2EC301,Microprocessors and Microcontrollers Laboratory (MPMC LAB),A 206,Sireesha. A/ Dr. A. Ramesh Kumar / Shruti S Munde,,,
629,46,,22HS2EN301,Advanced Communication Skills Laboratory (ACS LAB),B 403 & 405,Dr. Sudha Devi/ Dr. Lalitha Sreedevi,,,
630,46,,22MN6HS301,Ancient Wisdom (AW),KS Audi,"Dr. Shailaja Simma, Dr.D.Santhosh Kumar",,,
631,46,PE-1,22PE1EC301,Information Theory and Coding (ITC),A 001,Dr. Santhosh K C,,,
632,46,PE-1,22PE1EC302,Real Time Operating Systems (RTOS),B 412,Dr. K. Jyostna,,,
633,46,PE-1,22PE1EC305,HDL Based Design and Verification (HDL BD &V),B 313 / D 516,Dr. N. Neelima/Dr. V. Priyanka,,,
634,46,PE-1,22PE1MT301,Essential Mathematics for Machine Learning,D 517,Dr. J. Srinivas,,,
635,46,,,,,,LIB,Library,
636,46,,,,,,MTP,"Mentoring, Training and Placement",
637,46,,,,,,ECA,Extra-Curricular Activity,
638,46,,,,,,CCA,Co-Curricular Activity,
639,46,,,,,,Sports,Sports,
640,47,,22PC1EE301,Power Electronics (PE),A-303,Dr. K. Anuradha,,,
641,47,,22PC1EE302,Power Systems – II (PS-II),A-303,Dr.B.Neelakanteshwar Rao,,,
642,47,,22PC1EE205,Control Systems (CS),A-303,Dr. G.Sasi Kumar,,,
643,47,,22PC1EE303,Sustainable Energy Solutions (SES),A-303,Mrs.S.Poornima,,,
644,47,PE-I,22PE1EE301/ 22PE1EC320,Utilization of Electrical Energy / Fundamentals of Signals and Systems (PE-I),C-314/ A-303,Mr.K.Srikanth/ Dr.K.Subhash Babu,,,
645,47,,22PC2EE301,Power Electronics Laboratory (PE LAB),A-310/P-204,Dr. K. Anuradha/ Mrs.I.Neelima,,,
646,47,,22PC2EE205,Control Systems Laboratory (CS LAB),A-309/P-203,"Dr. G.Sasi Kumar/ Wed: Dr. K. Veeresham, Fri: Dr. G. Radhika",,,
647,47,,22MN6HS302,Gender Sensitization (GS),A-303,Dr. K Ujjwala,,,
648,47,,,,,,Seminar,Seminar,
649,47,,,,,,MTP,Mentoring Training & Placement,
650,47,,,,,,Sports/ECA,Sports/ Extra Curricular Activity,
651,47,,,,,,Library,Library,
652,47,,,,,,CCA,Co-Curricular Activity,
653,48,,22PC1EE301,Power Electronics (PE),C-314,Mr.D.S.G.Krishna,,,
654,48,,22PC1EE302,Power Systems – II (PS-II),C-314,Dr.A.Ravi Kumar,,,
655,48,,22PC1EE205,Control Systems (CS),C-314,Dr. Y.Venu,,,
656,48,,22PC1EE303,Sustainable Energy Solutions (SES),C-314,Mrs.B.Naga Swetha,,,
657,48,PE-I,22PE1EE301/ 22PE1EC320,Utilization of Electrical Energy / Fundamentals of Signals and Systems (PE-I),C-314/ A-303,Mr.K.Srikanth/ Dr.K.Subhash Babu,,,
658,48,,22PC2EE301,Power Electronics Laboratory (PE LAB),A-310/ A-306/2,"Mr.D.S.G.Krishna / Tue: Dr. K. Anuradha, Wed: Dr. G.Sasi Kumar",,,
659,48,,22PC2EE205,Control Systems Laboratory (CS LAB),A-309/ A-306/1,Dr. Y.Venu/ Tue: Mr. P.Ramesh/Wed: Dr. N.Nageswara Reddy,,,
660,48,,22MN6HS302,Gender Sensitization (GS),C-314,Ms. Sreepriya,,,
661,48,,,,,,Seminar,Seminar,
662,48,,,,,,MTP,Mentoring Training & Placement,
663,48,,,,,,Sports/ECA,Sports/ Extra Curricular Activity,
664,48,,,,,,Library,Library,
665,48,,,,,,CCA,Co-Curricular Activity,
666,49,,22PC1EC302,Digital Signal Processing (D S P),C – 301,Dr. M. Hari Krishna,,,
667,49,,22PC1EI301,Industrial Process Control Instrumentation (I P C I),C – 301,Dr. N. Akshay,,,
668,49,,22PC1EI302,Essentials of VLSI Design (V L S I D),C – 301,Dr. J. Jyothirmai,,,
669,49,,22PC1EC208,Computer Organization and Design (C O D),C – 301,Dr. K. Vidyasagar,,,
670,49,PE-I,22PE1EI301,Fundamentals of Robotics and Automation (F R A),C – 301,Dr. K. Vijay Chandra,,,
671,49,PE-I,22PC1IT202,Operating Systems (O S),C – 302,Ms. Dhanshree Mukund Pande,,,
672,49,,22HS2EN301,Advanced Communication Skills Laboratory (A C S LAB),D – 505 / B - 403,Dr. Sudha Devi / Mr. K. Ashok,,,
673,49,,22PC2EI301,Process Control Instrumentation Laboratory (P C I LAB),A – 213,Dr. N. Akshay / Dr. S. Senthil Kumar / Ms. D. V. Shobhana,,,
674,49,,22MN6HS301,Ancient Wisdom,K S AUDI,Dr. Sailaja Simma / Mr. Haroon Rasheed,,,
675,49,,,,,,Seminar,Seminar,
676,49,,,,,,Library,Library,
677,49,,,,,,ECA,Extra-Curricular Activity,
678,49,,,,,,CCA,Co-Curricular Activity,
679,49,,,,,,Sports,Sports,
680,49,,,,,,MTP,"Mentoring, Training & Placement",
681,49,,,,,,CVA-L3,Career Vision Approach Level-3,
682,50,,22PC1EC302,Digital Signal Processing (D S P),C – 302,Dr. M. Hari Krishna,,,
683,50,,22PC1EI301,Industrial Process Control Instrumentation (I P C I),C – 302,Mr. G. Vamshi Krishna,,,
684,50,,22PC1EI302,Essentials of VLSI Design (V L S I D),C – 302,Dr. P. Sampurna Lakshmi,,,
685,50,,22PC1EC208,Computer Organization and Design (C O D),C – 302,Dr. K. Vidyasagar,,,
686,50,PE-I,22PE1EI301,Fundamentals of Robotics and Automation (F R A),C – 301,Dr. K. Vijay Chandra,,,
687,50,PE-I,22PC1IT202,Operating Systems (O S),C – 302,Ms. Dhanshree Mukund Pande,,,
688,50,,22HS2EN301,Advanced Communication Skills Laboratory (A C S LAB),D – 505 / D – 510,Dr. Prativa Rani Saha / Dr. Lalitha Sreedevi,,,
689,50,,22PC2EI301,Process Control Instrumentation Laboratory (P C I LAB),A – 213,Mr. G. Vamshi Krishna / Dr. S. Senthil Kumar / Mr. S. Nagarjuna Chary,,,
690,50,,22MN6HS301,Ancient Wisdom,K S AUDI,Dr. Sailaja Simma / Mr. Haroon Rasheed,,,
691,50,,,,,,Seminar,Seminar,
692,50,,,,,,Library,Library,
693,50,,,,,,ECA,Extra-Curricular Activity,
694,50,,,,,,CCA,Co-Curricular Activity,
695,50,,,,,,Sports,Sports,
696,50,,,,,,MTP,"Mentoring, Training & Placement",
697,50,,,,,,CVA-L3,Career Vision Approach Level-3,
698,51,,22HS1MG301,Principles of Management and Organizational Behavior (PMOB),A-103,Mr K V L N Pavan Kumar,,,
699,51,,22PC1AM203,Automata and Compiler Design(ACD),A-103,Dr B Srivani,,,
700,51,,22PC1IN202,Computer Networks(CN),A-103,Mrs S Renu Deepti,,,
701,51,,22PC1IT301,Data Mining(DM),A-103,Dr B Mathurabai,,,
702,51,PE-I,22PE1IT302,Agile Software Process(ASP),A-103,Mr.V.Sravan Kiran,,,
703,51,PE-I,22PE1AM305,Internet of Things(IoT),B-411,Dr.A.Sreenivasa Rao,,,
704,51,PE-I,22PE1IT301,Scripting Languages,B-215,Mr M Koteswara Rao,,,
705,51,,22PC2CS301,Compiler Design and Computer Networks Laboratory(CD&CN LAB),C-106,Dr B Srivani/Mrs S Renu Deepti,,,
706,51,,22PC2IT301,Data Mining Laboratory(DM LAB),C-105,Dr B Mathurabai/Dr D Srinivasa Rao(T)/Dr D Kalayani(M),,,
707,51,,22MN6HS302,Gender Sensitization(GS),A-103,Dr Rosy Matilda,,,
708,51,,,,,,Seminar,Seminar,
709,51,,,,,,Sports/ECA,Sports/ Extra Curricular Activity,
710,51,,,,,,Library,Library,
711,51,,,,,,SL,Self Learning,
712,51,,,,,,MTP,Mentoring Training & Placement,"Mrs.K.Renuka,Mrs.A.Revathi, / Mrs.Jytosna Rani Tripathy, / Dr.G.Suresh Reddy"
713,52,,22HS1MG301,Principles of Management and Organizational Behavior (PMOB),B-411,Mr K V L N Pavan Kumar,,,
714,52,,22PC1AM203,Automata and Compiler Design(ACD),B-411,Dr.V Radha Krishna,,,
715,52,,22PC1IN202,Computer Networks(CN),B-411,Mr T Ravi,,,
716,52,,22PC1IT301,Data Mining(DM),B-411,Mrs Jyostna Rani Tripathy,,,
717,52,PE-I,22PE1IT302,Agile Software Process(ASP),A-103,Mr.V.Sravan Kiran,,,
718,52,PE-I,22PE1AM305,Internet of Things(IoT),B-411,Dr.A.Sreenivasa Rao,,,
719,52,PE-I,22PE1IT301,Scripting Languages,B-215,Mr M Koteswara Rao,,,
720,52,,22PC2CS301,Compiler Design and Computer Networks Laboratory(CD&CN LAB),C-106,Dr.V Radha Krishna/Mr T Ravi,,,
721,52,,22PC2IT301,Data Mining Laboratory(DM LAB),C-105,Mrs Jyostna Rani Tripathy/Dr G Rajesh Kumar(W)/Dr V Saritha(F),,,
722,52,,22MN6HS302,Gender Sensitization(GS),B-411,Dr Akhil Ahmed,,,
723,52,,,,,,Sports/ ECA,Sports/ Extra Curricular Activity,"Mr.D.Veerabhadarrao, Dr D Kalyani, / Mr.V.Manoj Kumar, Dr.G.Suresh Reddy"
724,52,,,,,,Seminar,Seminar,
725,52,,,,,,Sports/ECA,Sports/ Extra Curricular Activity,
726,52,,,,,,Library,Library,
727,52,,,,,,SL,Self Learning,
728,52,,,,,,MTP,Mentoring Training & Placement,
729,53,,22HS1MG301,Principles of Management and Organizational Behavior (PMOB),B-215,Dr.K.Anil Kumar,,,
730,53,,22PC1AM203,Automata and Compiler Design(ACD),B-215,Dr N Manga Thayaru,,,
731,53,,22PC1IN202,Computer Networks(CN),B-215,Mr.V.Manoj Kumar,,,
732,53,,22PC1IT301,Data Mining(DM),B-215,Mrs. Ch Rohini,,,
733,53,PE-I,22PE1IT302,Agile Software Process(ASP),A-103,Mr.V.Sravan Kiran,,,
734,53,PE-I,22PE1AM305,Internet of Things(IoT),B-411,Dr.A.Sreenivasa Rao,,,
735,53,PE-I,22PE1IT301,Scripting Languages,B-215,Mr M Koteswara Rao,,,
736,53,,22PC2CS301,Compiler Design and Computer Networks Laboratory(CD&CN LAB),C-106,Dr N Manga Thayaru/Mr P Veeranjeneyulu/Mr.V.Manoj Kumar,,,
737,53,,22PC2IT301,Data Mining Laboratory(DM LAB),C-105,Mrs. Ch Rohini/Mrs Kamala Challa(T)/ Mr M Koteswararao(W),,,
738,53,,22MN6HS302,Gender Sensitization(GS),B-215,Ms. Aswathi Bai,,,
739,53,,,,,,Seminar,Seminar,
740,53,,,,,,Sports/ECA,Sports/ Extra Curricular Activity,
741,53,,,,,,Library,Library,
742,53,,,,,,SL,Self Learning,
743,53,,,,,,MTP,Mentoring Training & Placement,"Dr.G.Nagachandrika, Mrs.M.Radha, Mrs.A.Soujanya,Dr.G.Suresh Reddy"
