grid_id,section_id,day_of_week,period_no,start_time,end_time,entry_text
1,1,Monday,1,10.00 AM,11.00 AM,ADAS
2,1,Monday,2,11.00 AM,12.00 PM,AES
3,1,Monday,3,12.00 PM,01.00 PM,PE-III
4,1,Monday,BREAK,01.00 PM,01.40 PM,LUNCH
5,1,Monday,4,01.40 PM,02.40 PM,AES Lab / VMT Lab
6,1,Monday,5,02.40 PM,03.40 PM,AES Lab / VMT Lab
7,1,Monday,6,03.40 PM,04.40 PM,AES Lab / VMT Lab
8,1,Tuesday,1,10.00 AM,11.00 AM,OE-III
9,1,Tuesday,2,11.00 AM,12.00 PM,PE-IV
10,1,Tuesday,3,12.00 PM,01.00 PM,PE-IV
11,1,Tuesday,BREAK,01.00 PM,01.40 PM,LUNCH
12,1,Tuesday,4,01.40 PM,02.40 PM,PE-IV
13,1,Tuesday,5,02.40 PM,03.40 PM,MTP
14,1,Tuesday,6,03.40 PM,04.40 PM,Library
15,1,Wednesday,1,10.00 AM,11.00 AM,PE-III
16,1,Wednesday,2,11.00 AM,12.00 PM,ADAS
17,1,Wednesday,3,12.00 PM,01.00 PM,AES
18,1,Wednesday,BREAK,01.00 PM,01.40 PM,LUNCH
19,1,Wednesday,4,01.40 PM,02.40 PM,VMT Lab / AES Lab
20,1,Wednesday,5,02.40 PM,03.40 PM,VMT Lab / AES Lab
21,1,Wednesday,6,03.40 PM,04.40 PM,VMT Lab / AES Lab
22,1,Thursday,1,10.00 AM,11.00 AM,AES
23,1,Thursday,2,11.00 AM,12.00 PM,PE-III
24,1,Thursday,3,12.00 PM,01.00 PM,ADAS
25,1,Thursday,BREAK,01.00 PM,01.40 PM,LUNCH
26,1,Thursday,4,01.40 PM,02.40 PM,OE-III
27,1,Thursday,5,02.40 PM,03.40 PM,OE-III
28,1,Thursday,6,03.40 PM,04.40 PM,Library
29,1,Friday,1,10.00 AM,11.00 AM,Major Project Phase - I
30,1,Friday,2,11.00 AM,12.00 PM,Major Project Phase - I
31,1,Friday,3,12.00 PM,01.00 PM,Major Project Phase - I
32,1,Friday,BREAK,01.00 PM,01.40 PM,LUNCH
33,1,Friday,4,01.40 PM,02.40 PM,Major Project Phase - I
34,1,Friday,5,02.40 PM,03.40 PM,Major Project Phase - I
35,1,Friday,6,03.40 PM,04.40 PM,Major Project Phase - I
36,1,Saturday,1,10.00 AM,11.00 AM,Major Project Phase - I
37,1,Saturday,2,11.00 AM,12.00 PM,Major Project Phase - I
38,1,Saturday,3,12.00 PM,01.00 PM,Major Project Phase - I
39,1,Saturday,BREAK,01.00 PM,01.40 PM,LUNCH
40,1,Saturday,4,01.40 PM,02.40 PM,ECA
41,1,Saturday,5,02.40 PM,03.40 PM,CCA
42,1,Saturday,6,03.40 PM,04.40 PM,Sports
43,2,Monday,1,10.00 AM,11.00 AM,PE-IV
44,2,Monday,2,11.00 AM,12.00 PM,I&E
45,2,Monday,3,12.00 PM,01.00 PM,CTPM
46,2,Monday,BREAK,01.00 PM,01.40 PM,LUNCH
47,2,Monday,4,01.40 PM,02.40 PM,FE
48,2,Monday,5,02.40 PM,03.40 PM,Project-1
49,2,Monday,6,03.40 PM,04.40 PM,Project-1
50,2,Tuesday,1,10.00 AM,11.00 AM,OE-III
51,2,Tuesday,2,11.00 AM,12.00 PM,OE-III
52,2,Tuesday,3,12.00 PM,01.00 PM,PE-IV
53,2,Tuesday,BREAK,01.00 PM,01.40 PM,LUNCH
54,2,Tuesday,4,01.40 PM,02.40 PM,Project-1
55,2,Tuesday,5,02.40 PM,03.40 PM,Project-1
56,2,Tuesday,6,03.40 PM,04.40 PM,Project-1
57,2,Wednesday,1,10.00 AM,11.00 AM,I&E
58,2,Wednesday,2,11.00 AM,12.00 PM,FE
59,2,Wednesday,3,12.00 PM,01.00 PM,CTPM
60,2,Wednesday,BREAK,01.00 PM,01.40 PM,LUNCH
61,2,Wednesday,4,01.40 PM,02.40 PM,Project-1
62,2,Wednesday,5,02.40 PM,03.40 PM,Project-1
63,2,Wednesday,6,03.40 PM,04.40 PM,Project-1
64,2,Thursday,1,10.00 AM,11.00 AM,EE LAB (BATCH-1)/CAD STUDIO LAB (BATCH-2)
65,2,Thursday,2,11.00 AM,12.00 PM,EE LAB (BATCH-1)/CAD STUDIO LAB (BATCH-2)
66,2,Thursday,3,12.00 PM,01.00 PM,EE LAB (BATCH-1)/CAD STUDIO LAB (BATCH-2)
67,2,Thursday,BREAK,01.00 PM,01.40 PM,LUNCH
68,2,Thursday,4,01.40 PM,02.40 PM,OE-III
69,2,Thursday,5,02.40 PM,03.40 PM,CTPM
70,2,Thursday,6,03.40 PM,04.40 PM,LIBRARY
71,2,Friday,1,10.00 AM,11.00 AM,EE LAB (BATCH-2)/CAD STUDIO LAB (BATCH-1)
72,2,Friday,2,11.00 AM,12.00 PM,EE LAB (BATCH-2)/CAD STUDIO LAB (BATCH-1)
73,2,Friday,3,12.00 PM,01.00 PM,EE LAB (BATCH-2)/CAD STUDIO LAB (BATCH-1)
74,2,Friday,BREAK,01.00 PM,01.40 PM,LUNCH
75,2,Friday,4,01.40 PM,02.40 PM,I&E
76,2,Friday,5,02.40 PM,03.40 PM,FE
77,2,Friday,6,03.40 PM,04.40 PM,MENTORING
78,2,Saturday,1,10.00 AM,11.00 AM,CTPM
79,2,Saturday,2,11.00 AM,12.00 PM,FE
80,2,Saturday,3,12.00 PM,01.00 PM,PE-IV
81,2,Saturday,BREAK,01.00 PM,01.40 PM,LUNCH
82,2,Saturday,4,01.40 PM,02.40 PM,Project-1/CORE TRAININGS
83,2,Saturday,5,02.40 PM,03.40 PM,Project-1/CORE TRAININGS
84,2,Saturday,6,03.40 PM,04.40 PM,Project-1/CORE TRAININGS
85,3,Monday,1,10.00 AM,11.00 AM,PE-IV
86,3,Monday,2,11.00 AM,12.00 PM,I&E
87,3,Monday,3,12.00 PM,01.00 PM,CTPM
88,3,Monday,BREAK,01.00 PM,01.40 PM,LUNCH
89,3,Monday,4,01.40 PM,02.40 PM,FE
90,3,Monday,5,02.40 PM,03.40 PM,Project-1
91,3,Monday,6,03.40 PM,04.40 PM,Project-1
92,3,Tuesday,1,10.00 AM,11.00 AM,OE-III
93,3,Tuesday,2,11.00 AM,12.00 PM,PE-IV
94,3,Tuesday,3,12.00 PM,01.00 PM,PE-IV
95,3,Tuesday,BREAK,01.00 PM,01.40 PM,LUNCH
96,3,Tuesday,4,01.40 PM,02.40 PM,EE LAB (BATCH-1)/CAD STUDIO LAB (BATCH-2)
97,3,Tuesday,5,02.40 PM,03.40 PM,EE LAB (BATCH-1)/CAD STUDIO LAB (BATCH-2)
98,3,Tuesday,6,03.40 PM,04.40 PM,EE LAB (BATCH-1)/CAD STUDIO LAB (BATCH-2)
99,3,Wednesday,1,10.00 AM,11.00 AM,I&E
100,3,Wednesday,2,11.00 AM,12.00 PM,FE
101,3,Wednesday,3,12.00 PM,01.00 PM,CTPM
102,3,Wednesday,BREAK,01.00 PM,01.40 PM,LUNCH
103,3,Wednesday,4,01.40 PM,02.40 PM,EE LAB (BATCH-2)/CAD STUDIO LAB (BATCH-1)
104,3,Wednesday,5,02.40 PM,03.40 PM,EE LAB (BATCH-2)/CAD STUDIO LAB (BATCH-1)
105,3,Wednesday,6,03.40 PM,04.40 PM,EE LAB (BATCH-2)/CAD STUDIO LAB (BATCH-1)
106,3,Thursday,1,10.00 AM,11.00 AM,Project-1
107,3,Thursday,2,11.00 AM,12.00 PM,Project-1
108,3,Thursday,3,12.00 PM,01.00 PM,Project-1
109,3,Thursday,BREAK,01.00 PM,01.40 PM,LUNCH
110,3,Thursday,4,01.40 PM,02.40 PM,OE-III
111,3,Thursday,5,02.40 PM,03.40 PM,CTPM
112,3,Thursday,6,03.40 PM,04.40 PM,LIBRARY
113,3,Friday,1,10.00 AM,11.00 AM,Project-1
114,3,Friday,2,11.00 AM,12.00 PM,Project-1
115,3,Friday,3,12.00 PM,01.00 PM,Project-1
116,3,Friday,BREAK,01.00 PM,01.40 PM,LUNCH
117,3,Friday,4,01.40 PM,02.40 PM,I&E
118,3,Friday,5,02.40 PM,03.40 PM,FE
119,3,Friday,6,03.40 PM,04.40 PM,MENTORING
120,3,Saturday,1,10.00 AM,11.00 AM,CTPM
121,3,Saturday,2,11.00 AM,12.00 PM,FE
122,3,Saturday,3,12.00 PM,01.00 PM,PE-IV
123,3,Saturday,BREAK,01.00 PM,01.40 PM,LUNCH
124,3,Saturday,4,01.40 PM,02.40 PM,Project-1/CORE TRAININGS
125,3,Saturday,5,02.40 PM,03.40 PM,Project-1/CORE TRAININGS
126,3,Saturday,6,03.40 PM,04.40 PM,Project-1/CORE TRAININGS
127,4,Monday,1,10.00 AM,11.00 AM,PE-III
128,4,Monday,2,11.00 AM,12.00 PM,PE-III
129,4,Monday,3,12.00 PM,01.00 PM,DEVOPS
130,4,Monday,BREAK,01.00 PM,01.40 PM,LUNCH
131,4,Monday,4,01.40 PM,02.40 PM,BDA
132,4,Monday,5,02.40 PM,03.40 PM,Major Projects
133,4,Monday,6,03.40 PM,04.40 PM,Major Projects
134,4,Tuesday,1,10.00 AM,11.00 AM,OE-III
135,4,Tuesday,2,11.00 AM,12.00 PM,DEVOPS
136,4,Tuesday,3,12.00 PM,01.00 PM,DEVOPS
137,4,Tuesday,BREAK,01.00 PM,01.40 PM,LUNCH
138,4,Tuesday,4,01.40 PM,02.40 PM,PE-IV
139,4,Tuesday,5,02.40 PM,03.40 PM,PE-IV
140,4,Tuesday,6,03.40 PM,04.40 PM,LIB
141,4,Wednesday,1,10.00 AM,11.00 AM,DEVOPS LAB
142,4,Wednesday,2,11.00 AM,12.00 PM,DEVOPS LAB
143,4,Wednesday,3,12.00 PM,01.00 PM,DEVOPS LAB
144,4,Wednesday,BREAK,01.00 PM,01.40 PM,LUNCH
145,4,Wednesday,4,01.40 PM,02.40 PM,Major Projects
146,4,Wednesday,5,02.40 PM,03.40 PM,Major Projects
147,4,Wednesday,6,03.40 PM,04.40 PM,Major Projects
148,4,Thursday,1,10.00 AM,11.00 AM,BDA
149,4,Thursday,2,11.00 AM,12.00 PM,BDA
150,4,Thursday,3,12.00 PM,01.00 PM,DEVOPS
151,4,Thursday,BREAK,01.00 PM,01.40 PM,LUNCH
152,4,Thursday,4,01.40 PM,02.40 PM,OE-III
153,4,Thursday,5,02.40 PM,03.40 PM,OE-III
154,4,Thursday,6,03.40 PM,04.40 PM,ECA/CCA
155,4,Friday,1,10.00 AM,11.00 AM,BDA LAB
156,4,Friday,2,11.00 AM,12.00 PM,BDA LAB
157,4,Friday,3,12.00 PM,01.00 PM,BDA LAB
158,4,Friday,BREAK,01.00 PM,01.40 PM,LUNCH
159,4,Friday,4,01.40 PM,02.40 PM,PE-III
160,4,Friday,5,02.40 PM,03.40 PM,PE-III
161,4,Friday,6,03.40 PM,04.40 PM,Mentoring
162,4,Saturday,1,10.00 AM,11.00 AM,BDA
163,4,Saturday,2,11.00 AM,12.00 PM,PE-IV
164,4,Saturday,3,12.00 PM,01.00 PM,PE-IV
165,4,Saturday,BREAK,01.00 PM,01.40 PM,LUNCH
166,4,Saturday,4,01.40 PM,02.40 PM,Major Projects
167,4,Saturday,5,02.40 PM,03.40 PM,Major Projects
168,4,Saturday,6,03.40 PM,04.40 PM,Major Projects
169,5,Monday,1,10.00 AM,11.00 AM,PE-III
170,5,Monday,2,11.00 AM,12.00 PM,PE-III
171,5,Monday,3,12.00 PM,01.00 PM,DEVOPS
172,5,Monday,BREAK,01.00 PM,01.40 PM,LUNCH
173,5,Monday,4,01.40 PM,02.40 PM,BDA
174,5,Monday,5,02.40 PM,03.40 PM,Major Projects
175,5,Monday,6,03.40 PM,04.40 PM,Major Projects
176,5,Tuesday,1,10.00 AM,11.00 AM,OE-III
177,5,Tuesday,2,11.00 AM,12.00 PM,DEVOPS
178,5,Tuesday,3,12.00 PM,01.00 PM,DEVOPS
179,5,Tuesday,BREAK,01.00 PM,01.40 PM,LUNCH
180,5,Tuesday,4,01.40 PM,02.40 PM,PE-IV
181,5,Tuesday,5,02.40 PM,03.40 PM,PE-IV
182,5,Tuesday,6,03.40 PM,04.40 PM,LIB
183,5,Wednesday,1,10.00 AM,11.00 AM,DEVOPS LAB
184,5,Wednesday,2,11.00 AM,12.00 PM,DEVOPS LAB
185,5,Wednesday,3,12.00 PM,01.00 PM,DEVOPS LAB
186,5,Wednesday,BREAK,01.00 PM,01.40 PM,LUNCH
187,5,Wednesday,4,01.40 PM,02.40 PM,Major Projects
188,5,Wednesday,5,02.40 PM,03.40 PM,Major Projects
189,5,Wednesday,6,03.40 PM,04.40 PM,Major Projects
190,5,Thursday,1,10.00 AM,11.00 AM,BDA
191,5,Thursday,2,11.00 AM,12.00 PM,BDA
192,5,Thursday,3,12.00 PM,01.00 PM,DEVOPS
193,5,Thursday,BREAK,01.00 PM,01.40 PM,LUNCH
194,5,Thursday,4,01.40 PM,02.40 PM,OE-III
195,5,Thursday,5,02.40 PM,03.40 PM,OE-III
196,5,Thursday,6,03.40 PM,04.40 PM,ECA/CCA
197,5,Friday,1,10.00 AM,11.00 AM,BDA LAB
198,5,Friday,2,11.00 AM,12.00 PM,BDA LAB
199,5,Friday,3,12.00 PM,01.00 PM,BDA LAB
200,5,Friday,BREAK,01.00 PM,01.40 PM,LUNCH
201,5,Friday,4,01.40 PM,02.40 PM,PE-III
202,5,Friday,5,02.40 PM,03.40 PM,PE-III
203,5,Friday,6,03.40 PM,04.40 PM,Mentoring
204,5,Saturday,1,10.00 AM,11.00 AM,BDA
205,5,Saturday,2,11.00 AM,12.00 PM,PE-IV
206,5,Saturday,3,12.00 PM,01.00 PM,PE-IV
207,5,Saturday,BREAK,01.00 PM,01.40 PM,LUNCH
208,5,Saturday,4,01.40 PM,02.40 PM,Major Projects
209,5,Saturday,5,02.40 PM,03.40 PM,Major Projects
210,5,Saturday,6,03.40 PM,04.40 PM,Major Projects
211,6,Monday,1,10.00 AM,11.00 AM,PE-III
212,6,Monday,2,11.00 AM,12.00 PM,PE-III
213,6,Monday,3,12.00 PM,01.00 PM,BDA
214,6,Monday,BREAK,01.00 PM,01.40 PM,LUNCH
215,6,Monday,4,01.40 PM,02.40 PM,DEVOPS
216,6,Monday,5,02.40 PM,03.40 PM,Major Projects
217,6,Monday,6,03.40 PM,04.40 PM,Major Projects
218,6,Tuesday,1,10.00 AM,11.00 AM,OE-III
219,6,Tuesday,2,11.00 AM,12.00 PM,DEVOPS
220,6,Tuesday,3,12.00 PM,01.00 PM,DEVOPS
221,6,Tuesday,BREAK,01.00 PM,01.40 PM,LUNCH
222,6,Tuesday,4,01.40 PM,02.40 PM,PE-IV
223,6,Tuesday,5,02.40 PM,03.40 PM,PE-IV
224,6,Tuesday,6,03.40 PM,04.40 PM,LIB
225,6,Wednesday,1,10.00 AM,11.00 AM,BDA LAB
226,6,Wednesday,2,11.00 AM,12.00 PM,BDA LAB
227,6,Wednesday,3,12.00 PM,01.00 PM,BDA LAB
228,6,Wednesday,BREAK,01.00 PM,01.40 PM,LUNCH
229,6,Wednesday,4,01.40 PM,02.40 PM,Major Projects
230,6,Wednesday,5,02.40 PM,03.40 PM,Major Projects
231,6,Wednesday,6,03.40 PM,04.40 PM,Major Projects
232,6,Thursday,1,10.00 AM,11.00 AM,BDA
233,6,Thursday,2,11.00 AM,12.00 PM,BDA
234,6,Thursday,3,12.00 PM,01.00 PM,DEVOPS
235,6,Thursday,BREAK,01.00 PM,01.40 PM,LUNCH
236,6,Thursday,4,01.40 PM,02.40 PM,OE-III
237,6,Thursday,5,02.40 PM,03.40 PM,OE-III
238,6,Thursday,6,03.40 PM,04.40 PM,ECA/CCA
239,6,Friday,1,10.00 AM,11.00 AM,DEVOPS LAB
240,6,Friday,2,11.00 AM,12.00 PM,DEVOPS LAB
241,6,Friday,3,12.00 PM,01.00 PM,DEVOPS LAB
242,6,Friday,BREAK,01.00 PM,01.40 PM,LUNCH
243,6,Friday,4,01.40 PM,02.40 PM,PE-III
244,6,Friday,5,02.40 PM,03.40 PM,PE-III
245,6,Friday,6,03.40 PM,04.40 PM,Mentoring
246,6,Saturday,1,10.00 AM,11.00 AM,BDA
247,6,Saturday,2,11.00 AM,12.00 PM,PE-IV
248,6,Saturday,3,12.00 PM,01.00 PM,PE-IV
249,6,Saturday,BREAK,01.00 PM,01.40 PM,LUNCH
250,6,Saturday,4,01.40 PM,02.40 PM,Major Projects
251,6,Saturday,5,02.40 PM,03.40 PM,Major Projects
252,6,Saturday,6,03.40 PM,04.40 PM,Major Projects
253,7,Monday,1,10.00 AM,11.00 AM,PE-III
254,7,Monday,2,11.00 AM,12.00 PM,PE-III
255,7,Monday,3,12.00 PM,01.00 PM,BDA
256,7,Monday,BREAK,01.00 PM,01.40 PM,LUNCH
257,7,Monday,4,01.40 PM,02.40 PM,DEVOPS
258,7,Monday,5,02.40 PM,03.40 PM,Major Projects
259,7,Monday,6,03.40 PM,04.40 PM,Major Projects
260,7,Tuesday,1,10.00 AM,11.00 AM,OE-III
261,7,Tuesday,2,11.00 AM,12.00 PM,DEVOPS
262,7,Tuesday,3,12.00 PM,01.00 PM,DEVOPS
263,7,Tuesday,BREAK,01.00 PM,01.40 PM,LUNCH
264,7,Tuesday,4,01.40 PM,02.40 PM,PE-IV
265,7,Tuesday,5,02.40 PM,03.40 PM,PE-IV
266,7,Tuesday,6,03.40 PM,04.40 PM,LIB
267,7,Wednesday,1,10.00 AM,11.00 AM,BDA LAB
268,7,Wednesday,2,11.00 AM,12.00 PM,BDA LAB
269,7,Wednesday,3,12.00 PM,01.00 PM,BDA LAB
270,7,Wednesday,BREAK,01.00 PM,01.40 PM,LUNCH
271,7,Wednesday,4,01.40 PM,02.40 PM,Major Projects
272,7,Wednesday,5,02.40 PM,03.40 PM,Major Projects
273,7,Wednesday,6,03.40 PM,04.40 PM,Major Projects
274,7,Thursday,1,10.00 AM,11.00 AM,BDA
275,7,Thursday,2,11.00 AM,12.00 PM,BDA
276,7,Thursday,3,12.00 PM,01.00 PM,DEVOPS
277,7,Thursday,BREAK,01.00 PM,01.40 PM,LUNCH
278,7,Thursday,4,01.40 PM,02.40 PM,OE-III
279,7,Thursday,5,02.40 PM,03.40 PM,OE-III
280,7,Thursday,6,03.40 PM,04.40 PM,ECA/CCA
281,7,Friday,1,10.00 AM,11.00 AM,DEVOPS LAB
282,7,Friday,2,11.00 AM,12.00 PM,DEVOPS LAB
283,7,Friday,3,12.00 PM,01.00 PM,DEVOPS LAB
284,7,Friday,BREAK,01.00 PM,01.40 PM,LUNCH
285,7,Friday,4,01.40 PM,02.40 PM,Major Projects
286,7,Friday,5,02.40 PM,03.40 PM,Major Projects
287,7,Friday,6,03.40 PM,04.40 PM,Mentoring
288,7,Saturday,1,10.00 AM,11.00 AM,BDA
289,7,Saturday,2,11.00 AM,12.00 PM,PE-IV
290,7,Saturday,3,12.00 PM,01.00 PM,PE-IV
291,7,Saturday,BREAK,01.00 PM,01.40 PM,LUNCH
292,7,Saturday,4,01.40 PM,02.40 PM,Major Projects
293,7,Saturday,5,02.40 PM,03.40 PM,Major Projects
294,7,Saturday,6,03.40 PM,04.40 PM,Major Projects
295,8,Monday,1,10.00 AM,11.00 AM,UDSA
296,8,Monday,2,11.00 AM,12.00 PM,FM
297,8,Monday,3,12.00 PM,01.00 PM,CSA
298,8,Monday,BREAK,01.00 PM,01.40 PM,LUNCH
299,8,Monday,4,01.40 PM,02.40 PM,DEVOPS LAB
300,8,Monday,5,02.40 PM,03.40 PM,DEVOPS LAB
301,8,Monday,6,03.40 PM,04.40 PM,DEVOPS LAB
302,8,Tuesday,1,10.00 AM,11.00 AM,IRS
303,8,Tuesday,2,11.00 AM,12.00 PM,CSA
304,8,Tuesday,3,12.00 PM,01.00 PM,HRM
305,8,Tuesday,BREAK,01.00 PM,01.40 PM,LUNCH
306,8,Tuesday,4,01.40 PM,02.40 PM,Major Projects
307,8,Tuesday,5,02.40 PM,03.40 PM,Major Projects
308,8,Tuesday,6,03.40 PM,04.40 PM,Major Projects
309,8,Wednesday,1,10.00 AM,11.00 AM,IRS
310,8,Wednesday,2,11.00 AM,12.00 PM,CSA
311,8,Wednesday,3,12.00 PM,01.00 PM,UDSA
312,8,Wednesday,BREAK,01.00 PM,01.40 PM,LUNCH
313,8,Wednesday,4,01.40 PM,02.40 PM,Major Projects
314,8,Wednesday,5,02.40 PM,03.40 PM,Major Projects
315,8,Wednesday,6,03.40 PM,04.40 PM,ECA
316,8,Thursday,1,10.00 AM,11.00 AM,CSA
317,8,Thursday,2,11.00 AM,12.00 PM,UDSA
318,8,Thursday,3,12.00 PM,01.00 PM,IRS
319,8,Thursday,BREAK,01.00 PM,01.40 PM,LUNCH
320,8,Thursday,4,01.40 PM,02.40 PM,MENTORING
321,8,Thursday,5,02.40 PM,03.40 PM,LIB
322,8,Thursday,6,03.40 PM,04.40 PM,CCA
323,8,Friday,1,10.00 AM,11.00 AM,FM
324,8,Friday,2,11.00 AM,12.00 PM,UDSA
325,8,Friday,3,12.00 PM,01.00 PM,HRM
326,8,Friday,BREAK,01.00 PM,01.40 PM,LUNCH
327,8,Friday,4,01.40 PM,02.40 PM,UDSA LAB
328,8,Friday,5,02.40 PM,03.40 PM,UDSA LAB
329,8,Friday,6,03.40 PM,04.40 PM,UDSA LAB
330,8,Saturday,1,10.00 AM,11.00 AM,HRM
331,8,Saturday,2,11.00 AM,12.00 PM,FM
332,8,Saturday,3,12.00 PM,01.00 PM,IRS
333,8,Saturday,BREAK,01.00 PM,01.40 PM,LUNCH
334,8,Saturday,4,01.40 PM,02.40 PM,Major Projects
335,8,Saturday,5,02.40 PM,03.40 PM,Major Projects
336,8,Saturday,6,03.40 PM,04.40 PM,Major Projects
337,9,Monday,1,10.00 AM,11.00 AM,DLA
338,9,Monday,2,11.00 AM,12.00 PM,NLP&TA
339,9,Monday,3,12.00 PM,01.00 PM,MOOCS
340,9,Monday,BREAK,01.00 PM,01.40 PM,LUNCH
341,9,Monday,4,01.40 PM,02.40 PM,DLA LAB/BFSI LAB
342,9,Monday,5,02.40 PM,03.40 PM,DLA LAB/BFSI LAB
343,9,Monday,6,03.40 PM,04.40 PM,DLA LAB/BFSI LAB
344,9,Tuesday,1,10.00 AM,11.00 AM,OE-III
345,9,Tuesday,2,11.00 AM,12.00 PM,BFSI
346,9,Tuesday,3,12.00 PM,01.00 PM,CVA-L4
347,9,Tuesday,BREAK,01.00 PM,01.40 PM,LUNCH
348,9,Tuesday,4,01.40 PM,02.40 PM,MTP
349,9,Tuesday,5,02.40 PM,03.40 PM,ECA
350,9,Tuesday,6,03.40 PM,04.40 PM,CCA
351,9,Wednesday,1,10.00 AM,11.00 AM,NLP&TA
352,9,Wednesday,2,11.00 AM,12.00 PM,DLA
353,9,Wednesday,3,12.00 PM,01.00 PM,MOOCS
354,9,Wednesday,BREAK,01.00 PM,01.40 PM,LUNCH
355,9,Wednesday,4,01.40 PM,02.40 PM,MAJOR PROJECT PHASE I
356,9,Wednesday,5,02.40 PM,03.40 PM,MAJOR PROJECT PHASE I
357,9,Wednesday,6,03.40 PM,04.40 PM,MAJOR PROJECT PHASE I
358,9,Thursday,1,10.00 AM,11.00 AM,BFSI
359,9,Thursday,2,11.00 AM,12.00 PM,NLP&TA
360,9,Thursday,3,12.00 PM,01.00 PM,MOOCS
361,9,Thursday,BREAK,01.00 PM,01.40 PM,LUNCH
362,9,Thursday,4,01.40 PM,02.40 PM,OE-III
363,9,Thursday,5,02.40 PM,03.40 PM,OE-III
364,9,Thursday,6,03.40 PM,04.40 PM,LIBRARY
365,9,Friday,1,10.00 AM,11.00 AM,NLP&TA
366,9,Friday,2,11.00 AM,12.00 PM,BFSI
367,9,Friday,3,12.00 PM,01.00 PM,DLA
368,9,Friday,BREAK,01.00 PM,01.40 PM,LUNCH
369,9,Friday,4,01.40 PM,02.40 PM,MAJOR PROJECT PHASE I
370,9,Friday,5,02.40 PM,03.40 PM,MAJOR PROJECT PHASE I
371,9,Friday,6,03.40 PM,04.40 PM,MAJOR PROJECT PHASE I
372,9,Saturday,1,10.00 AM,11.00 AM,DLA
373,9,Saturday,2,11.00 AM,12.00 PM,BFSI
374,9,Saturday,3,12.00 PM,01.00 PM,MOOCS
375,9,Saturday,BREAK,01.00 PM,01.40 PM,LUNCH
376,9,Saturday,4,01.40 PM,02.40 PM,BFSI LAB/ DLA LAB
377,9,Saturday,5,02.40 PM,03.40 PM,BFSI LAB/ DLA LAB
378,9,Saturday,6,03.40 PM,04.40 PM,BFSI LAB/ DLA LAB
379,10,Monday,1,10.00 AM,11.00 AM,NLP&TA
380,10,Monday,2,11.00 AM,12.00 PM,BFSI
381,10,Monday,3,12.00 PM,01.00 PM,MOOCS
382,10,Monday,BREAK,01.00 PM,01.40 PM,LUNCH
383,10,Monday,4,01.40 PM,02.40 PM,MAJOR PROJECT PHASE I
384,10,Monday,5,02.40 PM,03.40 PM,MAJOR PROJECT PHASE I
385,10,Monday,6,03.40 PM,04.40 PM,MAJOR PROJECT PHASE I
386,10,Tuesday,1,10.00 AM,11.00 AM,OE-III
387,10,Tuesday,2,11.00 AM,12.00 PM,BFSI
388,10,Tuesday,3,12.00 PM,01.00 PM,DLA
389,10,Tuesday,BREAK,01.00 PM,01.40 PM,LUNCH
390,10,Tuesday,4,01.40 PM,02.40 PM,NLP&TA
391,10,Tuesday,5,02.40 PM,03.40 PM,MOOCS
392,10,Tuesday,6,03.40 PM,04.40 PM,CCA
393,10,Wednesday,1,10.00 AM,11.00 AM,DLA LAB/BFSI LAB
394,10,Wednesday,2,11.00 AM,12.00 PM,DLA LAB/BFSI LAB
395,10,Wednesday,3,12.00 PM,01.00 PM,DLA LAB/BFSI LAB
396,10,Wednesday,BREAK,01.00 PM,01.40 PM,LUNCH
397,10,Wednesday,4,01.40 PM,02.40 PM,MOOCS
398,10,Wednesday,5,02.40 PM,03.40 PM,ECA
399,10,Wednesday,6,03.40 PM,04.40 PM,SPORTS
400,10,Thursday,1,10.00 AM,11.00 AM,DLA
401,10,Thursday,2,11.00 AM,12.00 PM,NLP&TA
402,10,Thursday,3,12.00 PM,01.00 PM,MTP
403,10,Thursday,BREAK,01.00 PM,01.40 PM,LUNCH
404,10,Thursday,4,01.40 PM,02.40 PM,OE-III
405,10,Thursday,5,02.40 PM,03.40 PM,OE-III
406,10,Thursday,6,03.40 PM,04.40 PM,LIBRARY
407,10,Friday,1,10.00 AM,11.00 AM,BFSI
408,10,Friday,2,11.00 AM,12.00 PM,DLA
409,10,Friday,3,12.00 PM,01.00 PM,NLP&TA
410,10,Friday,BREAK,01.00 PM,01.40 PM,LUNCH
411,10,Friday,4,01.40 PM,02.40 PM,MAJOR PROJECT PHASE I
412,10,Friday,5,02.40 PM,03.40 PM,MAJOR PROJECT PHASE I
413,10,Friday,6,03.40 PM,04.40 PM,MAJOR PROJECT PHASE I
414,10,Saturday,1,10.00 AM,11.00 AM,BFSI
415,10,Saturday,2,11.00 AM,12.00 PM,MOOCS
416,10,Saturday,3,12.00 PM,01.00 PM,DLA
417,10,Saturday,BREAK,01.00 PM,01.40 PM,LUNCH
418,10,Saturday,4,01.40 PM,02.40 PM,BFSI LAB /DLA LAB
419,10,Saturday,5,02.40 PM,03.40 PM,BFSI LAB /DLA LAB
420,10,Saturday,6,03.40 PM,04.40 PM,BFSI LAB /DLA LAB
421,11,Monday,1,10.00 AM,11.00 AM,DLA LAB/BFSI LAB
422,11,Monday,2,11.00 AM,12.00 PM,DLA LAB/BFSI LAB
423,11,Monday,3,12.00 PM,01.00 PM,DLA LAB/BFSI LAB
424,11,Monday,BREAK,01.00 PM,01.40 PM,LUNCH
425,11,Monday,4,01.40 PM,02.40 PM,NLP&TA (D-304/2)
426,11,Monday,5,02.40 PM,03.40 PM,ECA(D-304/2)
427,11,Monday,6,03.40 PM,04.40 PM,CCA(D-304/2)
428,11,Tuesday,1,10.00 AM,11.00 AM,OE-III
429,11,Tuesday,2,11.00 AM,12.00 PM,DLA (E-434)
430,11,Tuesday,3,12.00 PM,01.00 PM,BFSI(E-434)
431,11,Tuesday,BREAK,01.00 PM,01.40 PM,LUNCH
432,11,Tuesday,4,01.40 PM,02.40 PM,BFSI LAB /DLA LAB
433,11,Tuesday,5,02.40 PM,03.40 PM,BFSI LAB /DLA LAB
434,11,Tuesday,6,03.40 PM,04.40 PM,BFSI LAB /DLA LAB
435,11,Wednesday,1,10.00 AM,11.00 AM,BFSI (D-304/2)
436,11,Wednesday,2,11.00 AM,12.00 PM,NLP&TA(D-304/2)
437,11,Wednesday,3,12.00 PM,01.00 PM,MOOCS(D-304/2)
438,11,Wednesday,BREAK,01.00 PM,01.40 PM,LUNCH
439,11,Wednesday,4,01.40 PM,02.40 PM,DLA (D-518)
440,11,Wednesday,5,02.40 PM,03.40 PM,MTP(D-518)
441,11,Wednesday,6,03.40 PM,04.40 PM,SPORTS
442,11,Thursday,1,10.00 AM,11.00 AM,NLP&TA (E-435)
443,11,Thursday,2,11.00 AM,12.00 PM,DLA(E-435)
444,11,Thursday,3,12.00 PM,01.00 PM,MOOCS(E-435)
445,11,Thursday,BREAK,01.00 PM,01.40 PM,LUNCH
446,11,Thursday,4,01.40 PM,02.40 PM,OE-III
447,11,Thursday,5,02.40 PM,03.40 PM,OE-III
448,11,Thursday,6,03.40 PM,04.40 PM,LIBRARY
449,11,Friday,1,10.00 AM,11.00 AM,DLA (E-526)
450,11,Friday,2,11.00 AM,12.00 PM,MOOCS(E-526)
451,11,Friday,3,12.00 PM,01.00 PM,BFSI(E-526)
452,11,Friday,BREAK,01.00 PM,01.40 PM,LUNCH
453,11,Friday,4,01.40 PM,02.40 PM,MAJOR PROJECT PHASE I
454,11,Friday,5,02.40 PM,03.40 PM,MAJOR PROJECT PHASE I
455,11,Friday,6,03.40 PM,04.40 PM,MAJOR PROJECT PHASE I
456,11,Saturday,1,10.00 AM,11.00 AM,NLP&TA(E-415)
457,11,Saturday,2,11.00 AM,12.00 PM,MOOCS(E-415)
458,11,Saturday,3,12.00 PM,01.00 PM,BFSI(E-415)
459,11,Saturday,BREAK,01.00 PM,01.40 PM,LUNCH
460,11,Saturday,4,01.40 PM,02.40 PM,MAJOR PROJECT PHASE I
461,11,Saturday,5,02.40 PM,03.40 PM,MAJOR PROJECT PHASE I
462,11,Saturday,6,03.40 PM,04.40 PM,MAJOR PROJECT PHASE I
463,12,Monday,1,10.00 AM,11.00 AM,BCT (E-415)
464,12,Monday,2,11.00 AM,12.00 PM,CTI(E-415)
465,12,Monday,3,12.00 PM,01.00 PM,SOC(E-415)
466,12,Monday,BREAK,01.00 PM,01.40 PM,LUNCH
467,12,Monday,4,01.40 PM,02.40 PM,MOOCS(E-415)
468,12,Monday,5,02.40 PM,03.40 PM,LIBRARY
469,12,Monday,6,03.40 PM,04.40 PM,SPORTS
470,12,Tuesday,1,10.00 AM,11.00 AM,OE-III
471,12,Tuesday,2,11.00 AM,12.00 PM,CTI(E-415)
472,12,Tuesday,3,12.00 PM,01.00 PM,MOOCS(E-415)
473,12,Tuesday,BREAK,01.00 PM,01.40 PM,LUNCH
474,12,Tuesday,4,01.40 PM,02.40 PM,MAJOR PROJECT PHASE I
475,12,Tuesday,5,02.40 PM,03.40 PM,MAJOR PROJECT PHASE I
476,12,Tuesday,6,03.40 PM,04.40 PM,MAJOR PROJECT PHASE I
477,12,Wednesday,1,10.00 AM,11.00 AM,BCT (D-304/2)
478,12,Wednesday,2,11.00 AM,12.00 PM,SOC(D-304/2)
479,12,Wednesday,3,12.00 PM,01.00 PM,MOOCS(D-304/2)
480,12,Wednesday,BREAK,01.00 PM,01.40 PM,LUNCH
481,12,Wednesday,4,01.40 PM,02.40 PM,SOC LAB / BCT LAB
482,12,Wednesday,5,02.40 PM,03.40 PM,SOC LAB / BCT LAB
483,12,Wednesday,6,03.40 PM,04.40 PM,SOC LAB / BCT LAB
484,12,Thursday,1,10.00 AM,11.00 AM,SOC(E-526)
485,12,Thursday,2,11.00 AM,12.00 PM,BCT(E-526)
486,12,Thursday,3,12.00 PM,01.00 PM,CTI(E-526)
487,12,Thursday,BREAK,01.00 PM,01.40 PM,LUNCH
488,12,Thursday,4,01.40 PM,02.40 PM,OE-III
489,12,Thursday,5,02.40 PM,03.40 PM,OE-III
490,12,Thursday,6,03.40 PM,04.40 PM,CCA(E-416)
491,12,Friday,1,10.00 AM,11.00 AM,BCT LAB/SOC LAB
492,12,Friday,2,11.00 AM,12.00 PM,BCT LAB/SOC LAB
493,12,Friday,3,12.00 PM,01.00 PM,BCT LAB/SOC LAB
494,12,Friday,BREAK,01.00 PM,01.40 PM,LUNCH
495,12,Friday,4,01.40 PM,02.40 PM,MOOCS(E-416)
496,12,Friday,5,02.40 PM,03.40 PM,ECA(E-416)
497,12,Friday,6,03.40 PM,04.40 PM,MTP
498,12,Saturday,1,10.00 AM,11.00 AM,CTI(E-416)
499,12,Saturday,2,11.00 AM,12.00 PM,SOC(E-416)
500,12,Saturday,3,12.00 PM,01.00 PM,BCT(E-416)
501,12,Saturday,BREAK,01.00 PM,01.40 PM,LUNCH
502,12,Saturday,4,01.40 PM,02.40 PM,MAJOR PROJECT PHASE I
503,12,Saturday,5,02.40 PM,03.40 PM,MAJOR PROJECT PHASE I
504,12,Saturday,6,03.40 PM,04.40 PM,MAJOR PROJECT PHASE I
505,13,Monday,1,10.00 AM,11.00 AM,DLA LAB /BFSI LAB
506,13,Monday,2,11.00 AM,12.00 PM,DLA LAB /BFSI LAB
507,13,Monday,3,12.00 PM,01.00 PM,DLA LAB /BFSI LAB
508,13,Monday,BREAK,01.00 PM,01.40 PM,LUNCH
509,13,Monday,4,01.40 PM,02.40 PM,BFSI (D-518)
510,13,Monday,5,02.40 PM,03.40 PM,MOOCS(D-518)
511,13,Monday,6,03.40 PM,04.40 PM,MOOCS (E-415)
512,13,Tuesday,1,10.00 AM,11.00 AM,OE-III
513,13,Tuesday,2,11.00 AM,12.00 PM,NLP&TA(E-416)
514,13,Tuesday,3,12.00 PM,01.00 PM,DLA(E-416)
515,13,Tuesday,BREAK,01.00 PM,01.40 PM,LUNCH
516,13,Tuesday,4,01.40 PM,02.40 PM,MAJOR PROJECT PHASE I
1357,33,Monday,6,03.40 PM,04.40 PM,OE-1
517,13,Tuesday,5,02.40 PM,03.40 PM,MAJOR PROJECT PHASE I
518,13,Tuesday,6,03.40 PM,04.40 PM,MAJOR PROJECT PHASE I
519,13,Wednesday,1,10.00 AM,11.00 AM,NLP&TA(E-416)
520,13,Wednesday,2,11.00 AM,12.00 PM,BFSI(E-416)
521,13,Wednesday,3,12.00 PM,01.00 PM,MTP (D-518)
522,13,Wednesday,BREAK,01.00 PM,01.40 PM,LUNCH
523,13,Wednesday,4,01.40 PM,02.40 PM,ECA (D-518)
524,13,Wednesday,5,02.40 PM,03.40 PM,CCA(D-518)
525,13,Wednesday,6,03.40 PM,04.40 PM,MOOCS(D-518)
526,13,Thursday,1,10.00 AM,11.00 AM,BFSI LAB/ DLA LAB
527,13,Thursday,2,11.00 AM,12.00 PM,BFSI LAB/ DLA LAB
528,13,Thursday,3,12.00 PM,01.00 PM,BFSI LAB/ DLA LAB
529,13,Thursday,BREAK,01.00 PM,01.40 PM,LUNCH
530,13,Thursday,4,01.40 PM,02.40 PM,OE-III
531,13,Thursday,5,02.40 PM,03.40 PM,OE-III
532,13,Thursday,6,03.40 PM,04.40 PM,DLA(E-416)
533,13,Friday,1,10.00 AM,11.00 AM,DLA(E-415)
534,13,Friday,2,11.00 AM,12.00 PM,NLP&TA(E-415)
535,13,Friday,3,12.00 PM,01.00 PM,BFSI(E-415)
536,13,Friday,BREAK,01.00 PM,01.40 PM,LUNCH
537,13,Friday,4,01.40 PM,02.40 PM,MOOCS(E-415)
538,13,Friday,5,02.40 PM,03.40 PM,LIBRARY
539,13,Friday,6,03.40 PM,04.40 PM,SPORTS
540,13,Saturday,1,10.00 AM,11.00 AM,BFSI(E-332)
541,13,Saturday,2,11.00 AM,12.00 PM,NLP&TA(E-332)
542,13,Saturday,3,12.00 PM,01.00 PM,DLA(E-332)
543,13,Saturday,BREAK,01.00 PM,01.40 PM,LUNCH
544,13,Saturday,4,01.40 PM,02.40 PM,MAJOR PROJECT PHASE I
545,13,Saturday,5,02.40 PM,03.40 PM,MAJOR PROJECT PHASE I
546,13,Saturday,6,03.40 PM,04.40 PM,MAJOR PROJECT PHASE I
547,14,Monday,1,10.00 AM,11.00 AM,
548,14,Monday,2,11.00 AM,12.00 PM,
549,14,Monday,3,12.00 PM,01.00 PM,
550,14,Monday,BREAK,01.00 PM,01.40 PM,LUNCH
551,14,Monday,4,01.40 PM,02.40 PM,
552,14,Monday,5,02.40 PM,03.40 PM,
553,14,Monday,6,03.40 PM,04.40 PM,
554,14,Monday,7,04.40 PM,05.40 PM,DW&VS Lab
555,14,Tuesday,1,10.00 AM,11.00 AM,
556,14,Tuesday,2,11.00 AM,12.00 PM,
557,14,Tuesday,3,12.00 PM,01.00 PM,
558,14,Tuesday,BREAK,01.00 PM,01.40 PM,LUNCH
559,14,Tuesday,4,01.40 PM,02.40 PM,
560,14,Tuesday,5,02.40 PM,03.40 PM,
561,14,Tuesday,6,03.40 PM,04.40 PM,
562,14,Tuesday,7,04.40 PM,05.40 PM,DW&VS
563,14,Wednesday,1,10.00 AM,11.00 AM,
564,14,Wednesday,2,11.00 AM,12.00 PM,
565,14,Wednesday,3,12.00 PM,01.00 PM,
566,14,Wednesday,BREAK,01.00 PM,01.40 PM,LUNCH
567,14,Wednesday,4,01.40 PM,02.40 PM,
568,14,Wednesday,5,02.40 PM,03.40 PM,
569,14,Wednesday,6,03.40 PM,04.40 PM,
570,14,Wednesday,7,04.40 PM,05.40 PM,DW&VS Lab
571,14,Thursday,1,10.00 AM,11.00 AM,
572,14,Thursday,2,11.00 AM,12.00 PM,
573,14,Thursday,3,12.00 PM,01.00 PM,
574,14,Thursday,BREAK,01.00 PM,01.40 PM,LUNCH
575,14,Thursday,4,01.40 PM,02.40 PM,
576,14,Thursday,5,02.40 PM,03.40 PM,
577,14,Thursday,6,03.40 PM,04.40 PM,
578,14,Thursday,7,04.40 PM,05.40 PM,DW&VS
579,14,Friday,1,10.00 AM,11.00 AM,
580,14,Friday,2,11.00 AM,12.00 PM,
581,14,Friday,3,12.00 PM,01.00 PM,
582,14,Friday,BREAK,01.00 PM,01.40 PM,LUNCH
583,14,Friday,4,01.40 PM,02.40 PM,
584,14,Friday,5,02.40 PM,03.40 PM,
585,14,Friday,6,03.40 PM,04.40 PM,
586,14,Friday,7,04.40 PM,05.40 PM,DW&VS
587,14,Saturday,1,10.00 AM,11.00 AM,
588,14,Saturday,2,11.00 AM,12.00 PM,
589,14,Saturday,3,12.00 PM,01.00 PM,
590,14,Saturday,BREAK,01.00 PM,01.40 PM,LUNCH
591,14,Saturday,4,01.40 PM,02.40 PM,
592,14,Saturday,5,02.40 PM,03.40 PM,
593,14,Saturday,6,03.40 PM,04.40 PM,
594,14,Saturday,7,04.40 PM,05.40 PM,DW&VS Lab
595,15,Monday,1,10.00 AM,11.00 AM,MWE
596,15,Monday,2,11.00 AM,12.00 PM,MWE
597,15,Monday,3,12.00 PM,01.00 PM,EEA
598,15,Monday,BREAK,01.00 PM,01.40 PM,LUNCH
599,15,Monday,4,01.40 PM,02.40 PM,ML LAB/MWE LAB
600,15,Monday,5,02.40 PM,03.40 PM,ML LAB/MWE LAB
601,15,Monday,6,03.40 PM,04.40 PM,ML LAB/MWE LAB
602,15,Tuesday,1,10.00 AM,11.00 AM,OE-III
603,15,Tuesday,2,11.00 AM,12.00 PM,PE-III
604,15,Tuesday,3,12.00 PM,01.00 PM,PE-III
605,15,Tuesday,BREAK,01.00 PM,01.40 PM,LUNCH
606,15,Tuesday,4,01.40 PM,02.40 PM,PROJECT WORK
607,15,Tuesday,5,02.40 PM,03.40 PM,PROJECT WORK
608,15,Tuesday,6,03.40 PM,04.40 PM,PROJECT WORK
609,15,Wednesday,1,10.00 AM,11.00 AM,MWE
610,15,Wednesday,2,11.00 AM,12.00 PM,PROJECT REVIEW
611,15,Wednesday,3,12.00 PM,01.00 PM,PROJECT REVIEW
612,15,Wednesday,BREAK,01.00 PM,01.40 PM,LUNCH
613,15,Wednesday,4,01.40 PM,02.40 PM,EEA
614,15,Wednesday,5,02.40 PM,03.40 PM,PROJECT REVIEW
615,15,Wednesday,6,03.40 PM,04.40 PM,PROJECT REVIEW
616,15,Thursday,1,10.00 AM,11.00 AM,PROJECT WORK
617,15,Thursday,2,11.00 AM,12.00 PM,PROJECT WORK
618,15,Thursday,3,12.00 PM,01.00 PM,PROJECT WORK
619,15,Thursday,BREAK,01.00 PM,01.40 PM,LUNCH
620,15,Thursday,4,01.40 PM,02.40 PM,OE-III
621,15,Thursday,5,02.40 PM,03.40 PM,OE-III
622,15,Thursday,6,03.40 PM,04.40 PM,PE-III
623,15,Friday,1,10.00 AM,11.00 AM,PROJECT WORK
1469,35,Friday,6,03.40 PM,04.40 PM,CCA
624,15,Friday,2,11.00 AM,12.00 PM,PROJECT WORK
625,15,Friday,3,12.00 PM,01.00 PM,PROJECT WORK
626,15,Friday,BREAK,01.00 PM,01.40 PM,LUNCH
627,15,Friday,4,01.40 PM,02.40 PM,MWE LAB/ML LAB
628,15,Friday,5,02.40 PM,03.40 PM,MWE LAB/ML LAB
629,15,Friday,6,03.40 PM,04.40 PM,PE-III
630,15,Saturday,1,10.00 AM,11.00 AM,PE-IV
631,15,Saturday,2,11.00 AM,12.00 PM,PE-IV
632,15,Saturday,3,12.00 PM,01.00 PM,PE-IV
633,15,Saturday,BREAK,01.00 PM,01.40 PM,LUNCH
634,15,Saturday,4,01.40 PM,02.40 PM,EEA
635,15,Saturday,5,02.40 PM,03.40 PM,MWE
636,15,Saturday,6,03.40 PM,04.40 PM,MTP/LIB
637,16,Monday,1,10.00 AM,11.00 AM,MWE/ML LAB
638,16,Monday,2,11.00 AM,12.00 PM,MWE/ML LAB
639,16,Monday,3,12.00 PM,01.00 PM,MWE/ML LAB
640,16,Monday,BREAK,01.00 PM,01.40 PM,LUNCH
641,16,Monday,4,01.40 PM,02.40 PM,MWE
642,16,Monday,5,02.40 PM,03.40 PM,EEA
643,16,Monday,6,03.40 PM,04.40 PM,MWE
644,16,Tuesday,1,10.00 AM,11.00 AM,OE-III
645,16,Tuesday,2,11.00 AM,12.00 PM,PE-III
646,16,Tuesday,3,12.00 PM,01.00 PM,PE-III
647,16,Tuesday,BREAK,01.00 PM,01.40 PM,LUNCH
648,16,Tuesday,4,01.40 PM,02.40 PM,PROJECT WORK
649,16,Tuesday,5,02.40 PM,03.40 PM,PROJECT WORK
650,16,Tuesday,6,03.40 PM,04.40 PM,PROJECT WORK
651,16,Wednesday,1,10.00 AM,11.00 AM,MWE/ML LAB
652,16,Wednesday,2,11.00 AM,12.00 PM,MWE/ML LAB
653,16,Wednesday,3,12.00 PM,01.00 PM,MWE/ML LAB
654,16,Wednesday,BREAK,01.00 PM,01.40 PM,LUNCH
655,16,Wednesday,4,01.40 PM,02.40 PM,PROJECT WORK
656,16,Wednesday,5,02.40 PM,03.40 PM,PROJECT WORK
657,16,Wednesday,6,03.40 PM,04.40 PM,PROJECT WORK
658,16,Thursday,1,10.00 AM,11.00 AM,EEA
659,16,Thursday,2,11.00 AM,12.00 PM,MWE/ML LAB
660,16,Thursday,3,12.00 PM,01.00 PM,MWE/ML LAB
661,16,Thursday,BREAK,01.00 PM,01.40 PM,LUNCH
662,16,Thursday,4,01.40 PM,02.40 PM,OE-III
663,16,Thursday,5,02.40 PM,03.40 PM,OE-III
664,16,Thursday,6,03.40 PM,04.40 PM,PE-III
665,16,Friday,1,10.00 AM,11.00 AM,EEA
666,16,Friday,2,11.00 AM,12.00 PM,MWE
667,16,Friday,3,12.00 PM,01.00 PM,MWE
668,16,Friday,BREAK,01.00 PM,01.40 PM,LUNCH
669,16,Friday,4,01.40 PM,02.40 PM,PROJECT WORK
670,16,Friday,5,02.40 PM,03.40 PM,PROJECT WORK
671,16,Friday,6,03.40 PM,04.40 PM,PROJECT WORK
672,16,Saturday,1,10.00 AM,11.00 AM,PE-IV
673,16,Saturday,2,11.00 AM,12.00 PM,PE-IV
674,16,Saturday,3,12.00 PM,01.00 PM,PE-IV
675,16,Saturday,BREAK,01.00 PM,01.40 PM,LUNCH
676,16,Saturday,4,01.40 PM,02.40 PM,PROJECT REVIEW
677,16,Saturday,5,02.40 PM,03.40 PM,PROJECT REVIEW
678,16,Saturday,6,03.40 PM,04.40 PM,MTP/LIB
679,17,Monday,1,10.00 AM,11.00 AM,PROJECT WORK
680,17,Monday,2,11.00 AM,12.00 PM,PROJECT WORK
681,17,Monday,3,12.00 PM,01.00 PM,PROJECT WORK
682,17,Monday,BREAK,01.00 PM,01.40 PM,LUNCH
683,17,Monday,4,01.40 PM,02.40 PM,PROJECT REVIEW
684,17,Monday,5,02.40 PM,03.40 PM,PROJECT REVIEW
685,17,Monday,6,03.40 PM,04.40 PM,MTP/LIB
686,17,Tuesday,1,10.00 AM,11.00 AM,OE-III
687,17,Tuesday,2,11.00 AM,12.00 PM,PE-III
688,17,Tuesday,3,12.00 PM,01.00 PM,PE-III
689,17,Tuesday,BREAK,01.00 PM,01.40 PM,LUNCH
690,17,Tuesday,4,01.40 PM,02.40 PM,PROJECT WORK
691,17,Tuesday,5,02.40 PM,03.40 PM,PROJECT WORK
692,17,Tuesday,6,03.40 PM,04.40 PM,PROJECT WORK
693,17,Wednesday,1,10.00 AM,11.00 AM,EEA
694,17,Wednesday,2,11.00 AM,12.00 PM,MWE
695,17,Wednesday,3,12.00 PM,01.00 PM,MWE
696,17,Wednesday,BREAK,01.00 PM,01.40 PM,LUNCH
697,17,Wednesday,4,01.40 PM,02.40 PM,MWE/ML LAB
698,17,Wednesday,5,02.40 PM,03.40 PM,MWE/ML LAB
699,17,Wednesday,6,03.40 PM,04.40 PM,MWE/ML LAB
700,17,Thursday,1,10.00 AM,11.00 AM,MWE/ML LAB
701,17,Thursday,2,11.00 AM,12.00 PM,MWE/ML LAB
702,17,Thursday,3,12.00 PM,01.00 PM,MWE/ML LAB
703,17,Thursday,BREAK,01.00 PM,01.40 PM,LUNCH
704,17,Thursday,4,01.40 PM,02.40 PM,OE-III
705,17,Thursday,5,02.40 PM,03.40 PM,OE-III
706,17,Thursday,6,03.40 PM,04.40 PM,PE-III
707,17,Friday,1,10.00 AM,11.00 AM,MWE
708,17,Friday,2,11.00 AM,12.00 PM,MWE
709,17,Friday,3,12.00 PM,01.00 PM,EEA
710,17,Friday,BREAK,01.00 PM,01.40 PM,LUNCH
711,17,Friday,4,01.40 PM,02.40 PM,EEA
712,17,Friday,5,02.40 PM,03.40 PM,PROJECT REVIEW
713,17,Friday,6,03.40 PM,04.40 PM,PROJECT REVIEW
714,17,Saturday,1,10.00 AM,11.00 AM,PE-IV
715,17,Saturday,2,11.00 AM,12.00 PM,PE-IV
716,17,Saturday,3,12.00 PM,01.00 PM,PE-IV
717,17,Saturday,BREAK,01.00 PM,01.40 PM,LUNCH
718,17,Saturday,4,01.40 PM,02.40 PM,PROJECT WORK
719,17,Saturday,5,02.40 PM,03.40 PM,PROJECT WORK
720,17,Saturday,6,03.40 PM,04.40 PM,PROJECT WORK
721,18,Monday,1,10.00 AM,11.00 AM,EEA
722,18,Monday,2,11.00 AM,12.00 PM,PROJECT REVIEW
723,18,Monday,3,12.00 PM,01.00 PM,PROJECT REVIEW
724,18,Monday,BREAK,01.00 PM,01.40 PM,LUNCH
725,18,Monday,4,01.40 PM,02.40 PM,PROJECT WORK
726,18,Monday,5,02.40 PM,03.40 PM,PROJECT WORK
727,18,Monday,6,03.40 PM,04.40 PM,PROJECT WORK
728,18,Tuesday,1,10.00 AM,11.00 AM,OE-III
729,18,Tuesday,2,11.00 AM,12.00 PM,PE-III
730,18,Tuesday,3,12.00 PM,01.00 PM,PE-III
731,18,Tuesday,BREAK,01.00 PM,01.40 PM,LUNCH
732,18,Tuesday,4,01.40 PM,02.40 PM,MWE/ML LAB
733,18,Tuesday,5,02.40 PM,03.40 PM,MWE/ML LAB
734,18,Tuesday,6,03.40 PM,04.40 PM,MWE/ML LAB
735,18,Wednesday,1,10.00 AM,11.00 AM,PROJECT WORK
736,18,Wednesday,2,11.00 AM,12.00 PM,PROJECT WORK
737,18,Wednesday,3,12.00 PM,01.00 PM,PROJECT WORK
738,18,Wednesday,BREAK,01.00 PM,01.40 PM,LUNCH
739,18,Wednesday,4,01.40 PM,02.40 PM,MWE
740,18,Wednesday,5,02.40 PM,03.40 PM,MWE
741,18,Wednesday,6,03.40 PM,04.40 PM,EEA
742,18,Thursday,1,10.00 AM,11.00 AM,MWE
743,18,Thursday,2,11.00 AM,12.00 PM,MWE
744,18,Thursday,3,12.00 PM,01.00 PM,EEA
745,18,Thursday,BREAK,01.00 PM,01.40 PM,LUNCH
746,18,Thursday,4,01.40 PM,02.40 PM,OE-III
747,18,Thursday,5,02.40 PM,03.40 PM,OE-III
748,18,Thursday,6,03.40 PM,04.40 PM,PE-III
749,18,Friday,1,10.00 AM,11.00 AM,MWE/ML LAB
750,18,Friday,2,11.00 AM,12.00 PM,MWE/ML LAB
751,18,Friday,3,12.00 PM,01.00 PM,MWE/ML LAB
752,18,Friday,BREAK,01.00 PM,01.40 PM,LUNCH
753,18,Friday,4,01.40 PM,02.40 PM,PROJECT REVIEW
754,18,Friday,5,02.40 PM,03.40 PM,PROJECT REVIEW
755,18,Friday,6,03.40 PM,04.40 PM,MTP/LIB
756,18,Saturday,1,10.00 AM,11.00 AM,PE-IV
757,18,Saturday,2,11.00 AM,12.00 PM,PE-IV
758,18,Saturday,3,12.00 PM,01.00 PM,PE-IV
759,18,Saturday,BREAK,01.00 PM,01.40 PM,LUNCH
760,18,Saturday,4,01.40 PM,02.40 PM,PROJECT WORK
761,18,Saturday,5,02.40 PM,03.40 PM,PROJECT WORK
762,18,Saturday,6,03.40 PM,04.40 PM,PROJECT WORK
763,19,Monday,1,10:00 AM,11:00 AM,EV
764,19,Monday,2,11:00 AM,12:00 PM,PDSP
765,19,Monday,3,12:00 PM,01:00 PM,SGP
766,19,Monday,BREAK,01:00 PM,01:40 PM,LUNCH
767,19,Monday,4,01:40 PM,02:40 PM,MTP
768,19,Monday,5,02:40 PM,03:40 PM,Lib
769,19,Monday,6,03:40 PM,04:40 PM,CCA
770,19,Tuesday,1,10:00 AM,11:00 AM,OE-III
771,19,Tuesday,2,11:00 AM,12:00 PM,PDSP
772,19,Tuesday,3,12:00 PM,01:00 PM,EV
773,19,Tuesday,BREAK,01:00 PM,01:40 PM,LUNCH
774,19,Tuesday,4,01:40 PM,02:40 PM,PS Lab/PDSP Lab
775,19,Tuesday,5,02:40 PM,03:40 PM,PS Lab/PDSP Lab
776,19,Tuesday,6,03:40 PM,04:40 PM,PS Lab/PDSP Lab
777,19,Wednesday,1,10:00 AM,11:00 AM,SGP
778,19,Wednesday,2,11:00 AM,12:00 PM,PE-IV
779,19,Wednesday,3,12:00 PM,01:00 PM,PE-IV
780,19,Wednesday,BREAK,01:00 PM,01:40 PM,LUNCH
781,19,Wednesday,4,01:40 PM,02:40 PM,MPP-I
782,19,Wednesday,5,02:40 PM,03:40 PM,MPP-I
783,19,Wednesday,6,03:40 PM,04:40 PM,MPP-I
784,19,Thursday,1,10:00 AM,11:00 AM,EV
785,19,Thursday,2,11:00 AM,12:00 PM,SGP
786,19,Thursday,3,12:00 PM,01:00 PM,PDSP
787,19,Thursday,BREAK,01:00 PM,01:40 PM,LUNCH
788,19,Thursday,4,01:40 PM,02:40 PM,OE-III
789,19,Thursday,5,02:40 PM,03:40 PM,OE-III
790,19,Thursday,6,03:40 PM,04:40 PM,Lib
791,19,Friday,1,10:00 AM,11:00 AM,PDSP Lab/PS Lab
792,19,Friday,2,11:00 AM,12:00 PM,PDSP Lab/PS Lab
793,19,Friday,3,12:00 PM,01:00 PM,PDSP Lab/PS Lab
794,19,Friday,BREAK,01:00 PM,01:40 PM,LUNCH
795,19,Friday,4,01:40 PM,02:40 PM,MPP-I
796,19,Friday,5,02:40 PM,03:40 PM,MPP-I
797,19,Friday,6,03:40 PM,04:40 PM,MPP-I
798,19,Saturday,1,10:00 AM,11:00 AM,PE-IV
799,19,Saturday,2,11:00 AM,12:00 PM,PDSP*
800,19,Saturday,3,12:00 PM,01:00 PM,SGP*
801,19,Saturday,BREAK,01:00 PM,01:40 PM,LUNCH
802,19,Saturday,4,01:40 PM,02:40 PM,MTP
803,19,Saturday,5,02:40 PM,03:40 PM,Sports
804,19,Saturday,6,03:40 PM,04:40 PM,ECA
805,20,Monday,1,10:00 AM,11:00 AM,EV (B-312)
806,20,Monday,2,11:00 AM,12:00 PM,SGP (B-312)
807,20,Monday,3,12:00 PM,01:00 PM,PDSP (B-312)
808,20,Monday,BREAK,01:00 PM,01:40 PM,LUNCH
809,20,Monday,4,01:40 PM,02:40 PM,PDSP Lab/PS Lab
810,20,Monday,5,02:40 PM,03:40 PM,PDSP Lab/PS Lab
811,20,Monday,6,03:40 PM,04:40 PM,PDSP Lab/PS Lab
812,20,Tuesday,1,10:00 AM,11:00 AM,OE-III
813,20,Tuesday,2,11:00 AM,12:00 PM,PDSP (C-314)
814,20,Tuesday,3,12:00 PM,01:00 PM,SGP (C-314)
815,20,Tuesday,BREAK,01:00 PM,01:40 PM,LUNCH
816,20,Tuesday,4,01:40 PM,02:40 PM,MTP
817,20,Tuesday,5,02:40 PM,03:40 PM,Lib
818,20,Tuesday,6,03:40 PM,04:40 PM,CCA
819,20,Wednesday,1,10:00 AM,11:00 AM,PS Lab/PDSP Lab
820,20,Wednesday,2,11:00 AM,12:00 PM,PS Lab/PDSP Lab
821,20,Wednesday,3,12:00 PM,01:00 PM,PS Lab/PDSP Lab
822,20,Wednesday,BREAK,01:00 PM,01:40 PM,LUNCH
823,20,Wednesday,4,01:40 PM,02:40 PM,MPP-I
824,20,Wednesday,5,02:40 PM,03:40 PM,MPP-I
825,20,Wednesday,6,03:40 PM,04:40 PM,MPP-I
826,20,Thursday,1,10:00 AM,11:00 AM,PDSP (C-301)
827,20,Thursday,2,11:00 AM,12:00 PM,SGP (C-301)
828,20,Thursday,3,12:00 PM,01:00 PM,EV (C-301)
829,20,Thursday,BREAK,01:00 PM,01:40 PM,LUNCH
830,20,Thursday,4,01:40 PM,02:40 PM,OE-III
831,20,Thursday,5,02:40 PM,03:40 PM,OE-III
832,20,Thursday,6,03:40 PM,04:40 PM,Lib
833,20,Friday,1,10:00 AM,11:00 AM,EV (D-104/2)
834,20,Friday,2,11:00 AM,12:00 PM,PE-IV (D-104/2)
835,20,Friday,3,12:00 PM,01:00 PM,PE-IV (D-104/2)
836,20,Friday,BREAK,01:00 PM,01:40 PM,LUNCH
837,20,Friday,4,01:40 PM,02:40 PM,MPP-I
838,20,Friday,5,02:40 PM,03:40 PM,MPP-I
839,20,Friday,6,03:40 PM,04:40 PM,MPP-I
840,20,Saturday,1,10:00 AM,11:00 AM,PE-IV
841,20,Saturday,2,11:00 AM,12:00 PM,PDSP* (A-309)
842,20,Saturday,3,12:00 PM,01:00 PM,SGP* (A-309)
843,20,Saturday,BREAK,01:00 PM,01:40 PM,LUNCH
844,20,Saturday,4,01:40 PM,02:40 PM,MTP
845,20,Saturday,5,02:40 PM,03:40 PM,Sports
846,20,Saturday,6,03:40 PM,04:40 PM,ECA
847,21,Monday,1,10.00 AM,11.00 AM,I O T A LAB / A I LAB
848,21,Monday,2,11.00 AM,12.00 PM,I O T A LAB / A I LAB
849,21,Monday,3,12.00 PM,01.00 PM,I O T A LAB / A I LAB
850,21,Monday,BREAK,01.00 PM,01.40 PM,LUNCH
851,21,Monday,4,01.40 PM,02.40 PM,MAJOR PROJECT PHASE – I
852,21,Monday,5,02.40 PM,03.40 PM,MAJOR PROJECT PHASE – I
853,21,Monday,6,03.40 PM,04.40 PM,MAJOR PROJECT PHASE – I
854,21,Tuesday,1,10.00 AM,11.00 AM,O E - III
855,21,Tuesday,2,11.00 AM,12.00 PM,A P I O T
856,21,Tuesday,3,12.00 PM,01.00 PM,P E – IV
857,21,Tuesday,BREAK,01.00 PM,01.40 PM,LUNCH
858,21,Tuesday,4,01.40 PM,02.40 PM,A I LAB / I O T A LAB
859,21,Tuesday,5,02.40 PM,03.40 PM,A I LAB / I O T A LAB
860,21,Tuesday,6,03.40 PM,04.40 PM,A I LAB / I O T A LAB
861,21,Wednesday,1,10.00 AM,11.00 AM,P E – III
862,21,Wednesday,2,11.00 AM,12.00 PM,P E – III
863,21,Wednesday,3,12.00 PM,01.00 PM,A I
864,21,Wednesday,BREAK,01.00 PM,01.40 PM,LUNCH
865,21,Wednesday,4,01.40 PM,02.40 PM,MAJOR PROJECT PHASE – I
866,21,Wednesday,5,02.40 PM,03.40 PM,MAJOR PROJECT PHASE – I
867,21,Wednesday,6,03.40 PM,04.40 PM,MAJOR PROJECT PHASE – I
868,21,Thursday,1,10.00 AM,11.00 AM,A P I O T
869,21,Thursday,2,11.00 AM,12.00 PM,A P I O T
870,21,Thursday,3,12.00 PM,01.00 PM,A I
871,21,Thursday,BREAK,01.00 PM,01.40 PM,LUNCH
872,21,Thursday,4,01.40 PM,02.40 PM,O E – III
873,21,Thursday,5,02.40 PM,03.40 PM,O E – III
874,21,Thursday,6,03.40 PM,04.40 PM,M T P
875,21,Friday,1,10.00 AM,11.00 AM,A I
876,21,Friday,2,11.00 AM,12.00 PM,P E – III
877,21,Friday,3,12.00 PM,01.00 PM,A P I O T
878,21,Friday,BREAK,01.00 PM,01.40 PM,LUNCH
879,21,Friday,4,01.40 PM,02.40 PM,MAJOR PROJECT PHASE – I
880,21,Friday,5,02.40 PM,03.40 PM,MAJOR PROJECT PHASE – I
881,21,Friday,6,03.40 PM,04.40 PM,MAJOR PROJECT PHASE – I
882,21,Saturday,1,10.00 AM,11.00 AM,P E – III
883,21,Saturday,2,11.00 AM,12.00 PM,P E - IV
884,21,Saturday,3,12.00 PM,01.00 PM,P E - IV
885,21,Saturday,BREAK,01.00 PM,01.40 PM,LUNCH
886,21,Saturday,4,01.40 PM,02.40 PM,MAJOR PROJECT PHASE – I
887,21,Saturday,5,02.40 PM,03.40 PM,MAJOR PROJECT PHASE – I
888,21,Saturday,6,03.40 PM,04.40 PM,MAJOR PROJECT PHASE – I
889,22,Monday,1,10.00 AM,11.00 AM,A P I O T
890,22,Monday,2,11.00 AM,12.00 PM,A P I O T
891,22,Monday,3,12.00 PM,01.00 PM,A I
892,22,Monday,BREAK,01.00 PM,01.40 PM,LUNCH
893,22,Monday,4,01.40 PM,02.40 PM,MAJOR PROJECT PHASE – I
894,22,Monday,5,02.40 PM,03.40 PM,MAJOR PROJECT PHASE – I
895,22,Monday,6,03.40 PM,04.40 PM,MAJOR PROJECT PHASE – I
896,22,Tuesday,1,10.00 AM,11.00 AM,O E – III
897,22,Tuesday,2,11.00 AM,12.00 PM,A I
898,22,Tuesday,3,12.00 PM,01.00 PM,P E – IV
899,22,Tuesday,BREAK,01.00 PM,01.40 PM,LUNCH
900,22,Tuesday,4,01.40 PM,02.40 PM,MAJOR PROJECT PHASE – I
901,22,Tuesday,5,02.40 PM,03.40 PM,MAJOR PROJECT PHASE – I
902,22,Tuesday,6,03.40 PM,04.40 PM,MAJOR PROJECT PHASE – I
903,22,Wednesday,1,10.00 AM,11.00 AM,P E – III
904,22,Wednesday,2,11.00 AM,12.00 PM,A P I O T
905,22,Wednesday,3,12.00 PM,01.00 PM,A I
906,22,Wednesday,BREAK,01.00 PM,01.40 PM,LUNCH
907,22,Wednesday,4,01.40 PM,02.40 PM,I O T A LAB / A I LAB
908,22,Wednesday,5,02.40 PM,03.40 PM,I O T A LAB / A I LAB
909,22,Wednesday,6,03.40 PM,04.40 PM,I O T A LAB / A I LAB
910,22,Thursday,1,10.00 AM,11.00 AM,A I LAB/I O T A LAB
911,22,Thursday,2,11.00 AM,12.00 PM,A I LAB/I O T A LAB
912,22,Thursday,3,12.00 PM,01.00 PM,A I LAB/I O T A LAB
913,22,Thursday,BREAK,01.00 PM,01.40 PM,LUNCH
914,22,Thursday,4,01.40 PM,02.40 PM,O E – III
915,22,Thursday,5,02.40 PM,03.40 PM,O E – III
916,22,Thursday,6,03.40 PM,04.40 PM,M T P
917,22,Friday,1,10.00 AM,11.00 AM,A I
918,22,Friday,2,11.00 AM,12.00 PM,P E – III
919,22,Friday,3,12.00 PM,01.00 PM,A P I O T
920,22,Friday,BREAK,01.00 PM,01.40 PM,LUNCH
921,22,Friday,4,01.40 PM,02.40 PM,MAJOR PROJECT PHASE – I
922,22,Friday,5,02.40 PM,03.40 PM,MAJOR PROJECT PHASE – I
923,22,Friday,6,03.40 PM,04.40 PM,MAJOR PROJECT PHASE – I
924,22,Saturday,1,10.00 AM,11.00 AM,P E – III
925,22,Saturday,2,11.00 AM,12.00 PM,P E – IV
926,22,Saturday,3,12.00 PM,01.00 PM,P E – IV
927,22,Saturday,BREAK,01.00 PM,01.40 PM,LUNCH
928,22,Saturday,4,01.40 PM,02.40 PM,MAJOR PROJECT PHASE – I
929,22,Saturday,5,02.40 PM,03.40 PM,MAJOR PROJECT PHASE – I
930,22,Saturday,6,03.40 PM,04.40 PM,MAJOR PROJECT PHASE – I
931,23,Monday,1,10.00 AM,11.00 AM,DLA LAB
932,23,Monday,2,11.00 AM,12.00 PM,DLA LAB
933,23,Monday,3,12.00 PM,01.00 PM,DLA LAB
934,23,Monday,BREAK,01.00 PM,01.40 PM,LUNCH
935,23,Monday,4,01.40 PM,02.40 PM,BDCT
936,23,Monday,5,02.40 PM,03.40 PM,DLA
937,23,Monday,6,03.40 PM,04.40 PM,Major Project Phase-I Practice
938,23,Tuesday,1,10.00 AM,11.00 AM,OE-III
939,23,Tuesday,2,11.00 AM,12.00 PM,PE-IV
940,23,Tuesday,3,12.00 PM,01.00 PM,DLA
941,23,Tuesday,BREAK,01.00 PM,01.40 PM,LUNCH
942,23,Tuesday,4,01.40 PM,02.40 PM,Major Project Phase-I Practice
943,23,Tuesday,5,02.40 PM,03.40 PM,Major Project Phase-I Practice
944,23,Tuesday,6,03.40 PM,04.40 PM,Major Project Phase-I Practice
945,23,Wednesday,1,10.00 AM,11.00 AM,PE-III
946,23,Wednesday,2,11.00 AM,12.00 PM,PE-IV
947,23,Wednesday,3,12.00 PM,01.00 PM,BDCT
948,23,Wednesday,BREAK,01.00 PM,01.40 PM,LUNCH
949,23,Wednesday,4,01.40 PM,02.40 PM,Sports/ECA
950,23,Wednesday,5,02.40 PM,03.40 PM,Sports/ECA
951,23,Wednesday,6,03.40 PM,04.40 PM,Sports/ECA
952,23,Thursday,1,10.00 AM,11.00 AM,DLA
953,23,Thursday,2,11.00 AM,12.00 PM,PE-III
954,23,Thursday,3,12.00 PM,01.00 PM,PE-III
955,23,Thursday,BREAK,01.00 PM,01.40 PM,LUNCH
956,23,Thursday,4,01.40 PM,02.40 PM,OE-III
957,23,Thursday,5,02.40 PM,03.40 PM,OE-III
958,23,Thursday,6,03.40 PM,04.40 PM,PE-IV
959,23,Friday,1,10.00 AM,11.00 AM,BDCT LAB
960,23,Friday,2,11.00 AM,12.00 PM,BDCT LAB
961,23,Friday,3,12.00 PM,01.00 PM,BDCT LAB
962,23,Friday,BREAK,01.00 PM,01.40 PM,LUNCH
963,23,Friday,4,01.40 PM,02.40 PM,BDCT
964,23,Friday,5,02.40 PM,03.40 PM,Library
965,23,Friday,6,03.40 PM,04.40 PM,Library
966,23,Saturday,1,10.00 AM,11.00 AM,Major Project Phase-I Practice
967,23,Saturday,2,11.00 AM,12.00 PM,Major Project Phase-I Practice
968,23,Saturday,3,12.00 PM,01.00 PM,Major Project Phase-I Practice
969,23,Saturday,BREAK,01.00 PM,01.40 PM,LUNCH
970,23,Saturday,4,01.40 PM,02.40 PM,Major Project Phase-I Reviews
971,23,Saturday,5,02.40 PM,03.40 PM,Major Project Phase-I Reviews
972,23,Saturday,6,03.40 PM,04.40 PM,Major Project Phase-I Reviews
973,24,Monday,1,10.00 AM,11.00 AM,BDCT LAB
974,24,Monday,2,11.00 AM,12.00 PM,BDCT LAB
975,24,Monday,3,12.00 PM,01.00 PM,BDCT LAB
976,24,Monday,BREAK,01.00 PM,01.40 PM,LUNCH
977,24,Monday,4,01.40 PM,02.40 PM,DLA LAB
978,24,Monday,5,02.40 PM,03.40 PM,DLA LAB
979,24,Monday,6,03.40 PM,04.40 PM,DLA LAB
980,24,Tuesday,1,10.00 AM,11.00 AM,OE-III
981,24,Tuesday,2,11.00 AM,12.00 PM,PE-IV
982,24,Tuesday,3,12.00 PM,01.00 PM,DLA
983,24,Tuesday,BREAK,01.00 PM,01.40 PM,LUNCH
984,24,Tuesday,4,01.40 PM,02.40 PM,BDCT
985,24,Tuesday,5,02.40 PM,03.40 PM,Major Project Phase-I Practice
986,24,Tuesday,6,03.40 PM,04.40 PM,Major Project Phase-I Practice
987,24,Wednesday,1,10.00 AM,11.00 AM,PE-III
988,24,Wednesday,2,11.00 AM,12.00 PM,PE-IV
989,24,Wednesday,3,12.00 PM,01.00 PM,BDCT
990,24,Wednesday,BREAK,01.00 PM,01.40 PM,LUNCH
991,24,Wednesday,4,01.40 PM,02.40 PM,Sports/ECA
992,24,Wednesday,5,02.40 PM,03.40 PM,Sports/ECA
993,24,Wednesday,6,03.40 PM,04.40 PM,Sports/ECA
994,24,Thursday,1,10.00 AM,11.00 AM,DLA
995,24,Thursday,2,11.00 AM,12.00 PM,PE-III
996,24,Thursday,3,12.00 PM,01.00 PM,PE-III
997,24,Thursday,BREAK,01.00 PM,01.40 PM,LUNCH
998,24,Thursday,4,01.40 PM,02.40 PM,OE-III
999,24,Thursday,5,02.40 PM,03.40 PM,OE-III
1000,24,Thursday,6,03.40 PM,04.40 PM,PE-IV
1001,24,Friday,1,10.00 AM,11.00 AM,Major Project Phase-I Practice
1002,24,Friday,2,11.00 AM,12.00 PM,Major Project Phase-I Practice
1003,24,Friday,3,12.00 PM,01.00 PM,Major Project Phase-I Practice
1004,24,Friday,BREAK,01.00 PM,01.40 PM,LUNCH
1005,24,Friday,4,01.40 PM,02.40 PM,BDCT
1006,24,Friday,5,02.40 PM,03.40 PM,Library
1007,24,Friday,6,03.40 PM,04.40 PM,Library
1008,24,Saturday,1,10.00 AM,11.00 AM,Major Project Phase-I Practice
1009,24,Saturday,2,11.00 AM,12.00 PM,DLA
1010,24,Saturday,3,12.00 PM,01.00 PM,Major Project Phase-I Practice
1011,24,Saturday,BREAK,01.00 PM,01.40 PM,LUNCH
1012,24,Saturday,4,01.40 PM,02.40 PM,Major Project Phase-I Reviews
1013,24,Saturday,5,02.40 PM,03.40 PM,Major Project Phase-I Reviews
1014,24,Saturday,6,03.40 PM,04.40 PM,Major Project Phase-I Reviews
1015,25,Monday,1,10.00 AM,11.00 AM,DLA(D-203/1)
1016,25,Monday,2,11.00 AM,12.00 PM,BDCT(D-203/1)
1017,25,Monday,3,12.00 PM,01.00 PM,Major Project Phase-I Practice(D-203/1)
1018,25,Monday,BREAK,01.00 PM,01.40 PM,LUNCH
1019,25,Monday,4,01.40 PM,02.40 PM,BDCT LAB
1020,25,Monday,5,02.40 PM,03.40 PM,BDCT LAB
1021,25,Monday,6,03.40 PM,04.40 PM,BDCT LAB
1022,25,Tuesday,1,10.00 AM,11.00 AM,OE-III
1023,25,Tuesday,2,11.00 AM,12.00 PM,PE-IV
1024,25,Tuesday,3,12.00 PM,01.00 PM,DLA(B-215)
1025,25,Tuesday,BREAK,01.00 PM,01.40 PM,LUNCH
1026,25,Tuesday,4,01.40 PM,02.40 PM,BDCT(A-103)
1027,25,Tuesday,5,02.40 PM,03.40 PM,Major Project Phase-I Practice(A-103)
1028,25,Tuesday,6,03.40 PM,04.40 PM,Major Project Phase-I Practice(A-103)
1029,25,Wednesday,1,10.00 AM,11.00 AM,PE-III
1030,25,Wednesday,2,11.00 AM,12.00 PM,PE-IV
1031,25,Wednesday,3,12.00 PM,01.00 PM,DLA(B-411)
1032,25,Wednesday,BREAK,01.00 PM,01.40 PM,LUNCH
1033,25,Wednesday,4,01.40 PM,02.40 PM,Sports/ECA
1034,25,Wednesday,5,02.40 PM,03.40 PM,Sports/ECA
1035,25,Wednesday,6,03.40 PM,04.40 PM,Sports/ECA
1036,25,Thursday,1,10.00 AM,11.00 AM,BDCT(A-113/114)
1037,25,Thursday,2,11.00 AM,12.00 PM,PE-III
1038,25,Thursday,3,12.00 PM,01.00 PM,PE-III
1039,25,Thursday,BREAK,01.00 PM,01.40 PM,LUNCH
1040,25,Thursday,4,01.40 PM,02.40 PM,OE-III
1041,25,Thursday,5,02.40 PM,03.40 PM,OE-III
1042,25,Thursday,6,03.40 PM,04.40 PM,PE-IV
1043,25,Friday,1,10.00 AM,11.00 AM,DLA LAB
1044,25,Friday,2,11.00 AM,12.00 PM,DLA LAB
1045,25,Friday,3,12.00 PM,01.00 PM,DLA LAB
1046,25,Friday,BREAK,01.00 PM,01.40 PM,LUNCH
1047,25,Friday,4,01.40 PM,02.40 PM,Major Project Phase-I Practice(A-111/112)
1048,25,Friday,5,02.40 PM,03.40 PM,Major Project Phase-I Practice(A-111/112)
1049,25,Friday,6,03.40 PM,04.40 PM,Library
1050,25,Saturday,1,10.00 AM,11.00 AM,Major Project Phase-I Practice(A-111/112)
1051,25,Saturday,2,11.00 AM,12.00 PM,Major Project Phase-I Practice(A-111/112)
1052,25,Saturday,3,12.00 PM,01.00 PM,Major Project Phase-I Practice(A-111/112)
1053,25,Saturday,BREAK,01.00 PM,01.40 PM,LUNCH
1054,25,Saturday,4,01.40 PM,02.40 PM,Major Project Phase-1 Reviews(A-111/112)
1055,25,Saturday,5,02.40 PM,03.40 PM,Major Project Phase-1 Reviews(A-111/112)
1056,25,Saturday,6,03.40 PM,04.40 PM,Major Project Phase-1 Reviews(A-111/112)
1057,26,Monday,1,10.00 AM,11.00 AM,DE
1058,26,Monday,2,11.00 AM,12.00 PM,WP
1059,26,Monday,3,12.00 PM,01.00 PM,OS
1060,26,Monday,BREAK,01.00 PM,01.40 PM,LUNCH
1061,26,Monday,4,01.40 PM,02.40 PM,ACD
1062,26,Monday,5,02.40 PM,03.40 PM,OE-I
1063,26,Monday,6,03.40 PM,04.40 PM,OE-I
1064,26,Tuesday,1,10.00 AM,11.00 AM,WP
1065,26,Tuesday,2,11.00 AM,12.00 PM,IoTAP
1066,26,Tuesday,3,12.00 PM,01.00 PM,ACD
1067,26,Tuesday,BREAK,01.00 PM,01.40 PM,LUNCH
1068,26,Tuesday,4,01.40 PM,02.40 PM,IoTAP LAB
1069,26,Tuesday,5,02.40 PM,03.40 PM,IoTAP LAB
1070,26,Tuesday,6,03.40 PM,04.40 PM,IoTAP LAB
1071,26,Wednesday,1,10.00 AM,11.00 AM,DE
1072,26,Wednesday,2,11.00 AM,12.00 PM,WP
1073,26,Wednesday,3,12.00 PM,01.00 PM,IoTAP
1074,26,Wednesday,BREAK,01.00 PM,01.40 PM,LUNCH
1075,26,Wednesday,4,01.40 PM,02.40 PM,ACD
1076,26,Wednesday,5,02.40 PM,03.40 PM,OS
1077,26,Wednesday,6,03.40 PM,04.40 PM,ECA/CCA
1078,26,Thursday,1,10.00 AM,11.00 AM,DE LAB
1079,26,Thursday,2,11.00 AM,12.00 PM,DE LAB
1080,26,Thursday,3,12.00 PM,01.00 PM,DE LAB
1081,26,Thursday,BREAK,01.00 PM,01.40 PM,LUNCH
1082,26,Thursday,4,01.40 PM,02.40 PM,WP
1083,26,Thursday,5,02.40 PM,03.40 PM,LIB
1084,26,Thursday,6,03.40 PM,04.40 PM,SPORTS
1085,26,Friday,1,10.00 AM,11.00 AM,IoTAP
1086,26,Friday,2,11.00 AM,12.00 PM,OS
1087,26,Friday,3,12.00 PM,01.00 PM,ACD
1088,26,Friday,BREAK,01.00 PM,01.40 PM,LUNCH
1089,26,Friday,4,01.40 PM,02.40 PM,DE
1090,26,Friday,5,02.40 PM,03.40 PM,SL
1091,26,Friday,6,03.40 PM,04.40 PM,MTP
1092,26,Saturday,1,10.00 AM,11.00 AM,OE-1
1093,26,Saturday,2,11.00 AM,12.00 PM,DE
1094,26,Saturday,3,12.00 PM,01.00 PM,OS
1095,26,Saturday,BREAK,01.00 PM,01.40 PM,LUNCH
1096,26,Saturday,4,01.40 PM,02.40 PM,GS
1097,26,Saturday,5,02.40 PM,03.40 PM,GS
1098,26,Saturday,6,03.40 PM,04.40 PM,GS
1099,27,Monday,1,10.00 AM,11.00 AM,OS
1100,27,Monday,2,11.00 AM,12.00 PM,AI
1101,27,Monday,3,12.00 PM,01.00 PM,PE-I
1102,27,Monday,BREAK,01.00 PM,01.40 PM,LUNCH
1103,27,Monday,4,01.40 PM,02.40 PM,ML
1104,27,Monday,5,02.40 PM,03.40 PM,OE-1
1105,27,Monday,6,03.40 PM,04.40 PM,OE-1
1106,27,Tuesday,1,10.00 AM,11.00 AM,ML LAB
1107,27,Tuesday,2,11.00 AM,12.00 PM,ML LAB
1108,27,Tuesday,3,12.00 PM,01.00 PM,ML LAB
1109,27,Tuesday,BREAK,01.00 PM,01.40 PM,LUNCH
1110,27,Tuesday,4,01.40 PM,02.40 PM,OS
1111,27,Tuesday,5,02.40 PM,03.40 PM,SL
1112,27,Tuesday,6,03.40 PM,04.40 PM,SPORTS
1113,27,Wednesday,1,10.00 AM,11.00 AM,ML
1114,27,Wednesday,2,11.00 AM,12.00 PM,PE-I
1115,27,Wednesday,3,12.00 PM,01.00 PM,OS
1116,27,Wednesday,BREAK,01.00 PM,01.40 PM,LUNCH
1117,27,Wednesday,4,01.40 PM,02.40 PM,AI
1118,27,Wednesday,5,02.40 PM,03.40 PM,CN
1119,27,Wednesday,6,03.40 PM,04.40 PM,MTP
1120,27,Thursday,1,10.00 AM,11.00 AM,CN
1121,27,Thursday,2,11.00 AM,12.00 PM,ML
1122,27,Thursday,3,12.00 PM,01.00 PM,PE-I
1123,27,Thursday,BREAK,01.00 PM,01.40 PM,LUNCH
1124,27,Thursday,4,01.40 PM,02.40 PM,CN&OS LAB
1125,27,Thursday,5,02.40 PM,03.40 PM,CN&OS LAB
1126,27,Thursday,6,03.40 PM,04.40 PM,CN&OS LAB
1127,27,Friday,1,10.00 AM,11.00 AM,ML
1128,27,Friday,2,11.00 AM,12.00 PM,PE-I
1129,27,Friday,3,12.00 PM,01.00 PM,AI
1130,27,Friday,BREAK,01.00 PM,01.40 PM,LUNCH
1131,27,Friday,4,01.40 PM,02.40 PM,CN
1132,27,Friday,5,02.40 PM,03.40 PM,GS
1133,27,Friday,6,03.40 PM,04.40 PM,GS
1134,27,Saturday,1,10.00 AM,11.00 AM,OE-I
1135,27,Saturday,2,11.00 AM,12.00 PM,CN
1136,27,Saturday,3,12.00 PM,01.00 PM,AI
1137,27,Saturday,BREAK,01.00 PM,01.40 PM,LUNCH
1138,27,Saturday,4,01.40 PM,02.40 PM,OS
1139,27,Saturday,5,02.40 PM,03.40 PM,LIB
1140,27,Saturday,6,03.40 PM,04.40 PM,ECA/CCA
1141,28,Monday,1,10.00 AM,11.00 AM,CN
1142,28,Monday,2,11.00 AM,12.00 PM,ML
1143,28,Monday,3,12.00 PM,01.00 PM,PE-I
1144,28,Monday,BREAK,01.00 PM,01.40 PM,LUNCH
1145,28,Monday,4,01.40 PM,02.40 PM,OS
1146,28,Monday,5,02.40 PM,03.40 PM,OE-I
1147,28,Monday,6,03.40 PM,04.40 PM,OE-I
1148,28,Tuesday,1,10.00 AM,11.00 AM,CN&OS LAB
1149,28,Tuesday,2,11.00 AM,12.00 PM,CN&OS LAB
1150,28,Tuesday,3,12.00 PM,01.00 PM,CN&OS LAB
1151,28,Tuesday,BREAK,01.00 PM,01.40 PM,LUNCH
1152,28,Tuesday,4,01.40 PM,02.40 PM,AI
1153,28,Tuesday,5,02.40 PM,03.40 PM,SL
1154,28,Tuesday,6,03.40 PM,04.40 PM,LIB
1155,28,Wednesday,1,10.00 AM,11.00 AM,AI
1156,28,Wednesday,2,11.00 AM,12.00 PM,PE-I
1157,28,Wednesday,3,12.00 PM,01.00 PM,ML
1158,28,Wednesday,BREAK,01.00 PM,01.40 PM,LUNCH
1159,28,Wednesday,4,01.40 PM,02.40 PM,CN
1160,28,Wednesday,5,02.40 PM,03.40 PM,OS
1161,28,Wednesday,6,03.40 PM,04.40 PM,ECA/CCA
1162,28,Thursday,1,10.00 AM,11.00 AM,ML
1163,28,Thursday,2,11.00 AM,12.00 PM,OS
1164,28,Thursday,3,12.00 PM,01.00 PM,PE-I
1165,28,Thursday,BREAK,01.00 PM,01.40 PM,LUNCH
1166,28,Thursday,4,01.40 PM,02.40 PM,ML LAB
1167,28,Thursday,5,02.40 PM,03.40 PM,ML LAB
1168,28,Thursday,6,03.40 PM,04.40 PM,ML LAB
1169,28,Friday,1,10.00 AM,11.00 AM,ML
1170,28,Friday,2,11.00 AM,12.00 PM,PE-I
1171,28,Friday,3,12.00 PM,01.00 PM,AI
1172,28,Friday,BREAK,01.00 PM,01.40 PM,LUNCH
1173,28,Friday,4,01.40 PM,02.40 PM,CN
1174,28,Friday,5,02.40 PM,03.40 PM,MTP
1175,28,Friday,6,03.40 PM,04.40 PM,SPORTS
1176,28,Saturday,1,10.00 AM,11.00 AM,OE-I
1177,28,Saturday,2,11.00 AM,12.00 PM,AI
1178,28,Saturday,3,12.00 PM,01.00 PM,CN
1179,28,Saturday,BREAK,01.00 PM,01.40 PM,LUNCH
1180,28,Saturday,4,01.40 PM,02.40 PM,OS
1181,28,Saturday,5,02.40 PM,03.40 PM,GS
1182,28,Saturday,6,03.40 PM,04.40 PM,GS
1183,29,Monday,1,10.00 AM,11.00 AM,OS
1184,29,Monday,2,11.00 AM,12.00 PM,ML
1185,29,Monday,3,12.00 PM,01.00 PM,PE-I
1186,29,Monday,BREAK,01.00 PM,01.40 PM,LUNCH
1187,29,Monday,4,01.40 PM,02.40 PM,CN
1188,29,Monday,5,02.40 PM,03.40 PM,OE-I
1189,29,Monday,6,03.40 PM,04.40 PM,OE-I
1190,29,Tuesday,1,10.00 AM,11.00 AM,ML LAB
1191,29,Tuesday,2,11.00 AM,12.00 PM,ML LAB
1192,29,Tuesday,3,12.00 PM,01.00 PM,ML LAB
1193,29,Tuesday,BREAK,01.00 PM,01.40 PM,LUNCH
1194,29,Tuesday,4,01.40 PM,02.40 PM,OS
1195,29,Tuesday,5,02.40 PM,03.40 PM,GS
1196,29,Tuesday,6,03.40 PM,04.40 PM,GS
1197,29,Wednesday,1,10.00 AM,11.00 AM,OS
1198,29,Wednesday,2,11.00 AM,12.00 PM,PE-I
1199,29,Wednesday,3,12.00 PM,01.00 PM,AI
1200,29,Wednesday,BREAK,01.00 PM,01.40 PM,LUNCH
1201,29,Wednesday,4,01.40 PM,02.40 PM,ML
1202,29,Wednesday,5,02.40 PM,03.40 PM,CN
1203,29,Wednesday,6,03.40 PM,04.40 PM,ECA/CCA
1204,29,Thursday,1,10.00 AM,11.00 AM,CN
1205,29,Thursday,2,11.00 AM,12.00 PM,AI
1206,29,Thursday,3,12.00 PM,01.00 PM,PE-I
1207,29,Thursday,BREAK,01.00 PM,01.40 PM,LUNCH
1208,29,Thursday,4,01.40 PM,02.40 PM,OS
1209,29,Thursday,5,02.40 PM,03.40 PM,SL
1210,29,Thursday,6,03.40 PM,04.40 PM,LIB
1211,29,Friday,1,10.00 AM,11.00 AM,AI
1212,29,Friday,2,11.00 AM,12.00 PM,PE-I
1213,29,Friday,3,12.00 PM,01.00 PM,ML
1214,29,Friday,BREAK,01.00 PM,01.40 PM,LUNCH
1215,29,Friday,4,01.40 PM,02.40 PM,CN&OS LAB
1216,29,Friday,5,02.40 PM,03.40 PM,CN&OS LAB
1217,29,Friday,6,03.40 PM,04.40 PM,CN&OS LAB
1218,29,Saturday,1,10.00 AM,11.00 AM,OE-I
1219,29,Saturday,2,11.00 AM,12.00 PM,CN
1220,29,Saturday,3,12.00 PM,01.00 PM,ML
1221,29,Saturday,BREAK,01.00 PM,01.40 PM,LUNCH
1222,29,Saturday,4,01.40 PM,02.40 PM,AI
1223,29,Saturday,5,02.40 PM,03.40 PM,MTP
1224,29,Saturday,6,03.40 PM,04.40 PM,SPORTS
1225,30,Monday,1,10.00 AM,11.00 AM,AEE
1226,30,Monday,2,11.00 AM,12.00 PM,DAC
1227,30,Monday,3,12.00 PM,01.00 PM,VD
1228,30,Monday,BREAK,01.00 PM,01.40 PM,LUNCH
1229,30,Monday,4,01.40 PM,02.40 PM,PE-I
1230,30,Monday,5,02.40 PM,03.40 PM,OE-I
1231,30,Monday,6,03.40 PM,04.40 PM,OE-I
1232,30,Tuesday,1,10.00 AM,11.00 AM,AECS Lab / AEE Lab
1233,30,Tuesday,2,11.00 AM,12.00 PM,AECS Lab / AEE Lab
1234,30,Tuesday,3,12.00 PM,01.00 PM,AECS Lab / AEE Lab
1235,30,Tuesday,BREAK,01.00 PM,01.40 PM,LUNCH
1236,30,Tuesday,4,01.40 PM,02.40 PM,AEE
1237,30,Tuesday,5,02.40 PM,03.40 PM,Ancient Wisdom
1238,30,Tuesday,6,03.40 PM,04.40 PM,Ancient Wisdom
1239,30,Wednesday,1,10.00 AM,11.00 AM,VD
1240,30,Wednesday,2,11.00 AM,12.00 PM,PE-I
1241,30,Wednesday,3,12.00 PM,01.00 PM,DAC
1242,30,Wednesday,BREAK,01.00 PM,01.40 PM,LUNCH
1243,30,Wednesday,4,01.40 PM,02.40 PM,AS Lab / AECS Lab
1244,30,Wednesday,5,02.40 PM,03.40 PM,AS Lab / AECS Lab
1245,30,Wednesday,6,03.40 PM,04.40 PM,AS Lab / AECS Lab
1246,30,Thursday,1,10.00 AM,11.00 AM,DAC
1247,30,Thursday,2,11.00 AM,12.00 PM,VD
1248,30,Thursday,3,12.00 PM,01.00 PM,AEE
1249,30,Thursday,BREAK,01.00 PM,01.40 PM,LUNCH
1250,30,Thursday,4,01.40 PM,02.40 PM,AEE Lab / AS Lab
1251,30,Thursday,5,02.40 PM,03.40 PM,AEE Lab / AS Lab
1252,30,Thursday,6,03.40 PM,04.40 PM,AEE Lab / AS Lab
1253,30,Friday,1,10.00 AM,11.00 AM,PE-I
1254,30,Friday,2,11.00 AM,12.00 PM,AEE
1255,30,Friday,3,12.00 PM,01.00 PM,VD
1256,30,Friday,BREAK,01.00 PM,01.40 PM,LUNCH
1257,30,Friday,4,01.40 PM,02.40 PM,MTP
1258,30,Friday,5,02.40 PM,03.40 PM,CVA-L3
1259,30,Friday,6,03.40 PM,04.40 PM,Library
1260,30,Saturday,1,10.00 AM,11.00 AM,OE-I
1261,30,Saturday,2,11.00 AM,12.00 PM,DAC
1262,30,Saturday,3,12.00 PM,01.00 PM,PE-I
1263,30,Saturday,BREAK,01.00 PM,01.40 PM,LUNCH
1264,30,Saturday,4,01.40 PM,02.40 PM,VD
1265,30,Saturday,5,02.40 PM,03.40 PM,ECA/CCA
1266,30,Saturday,6,03.40 PM,04.40 PM,Sports
1267,31,Monday,1,10.00 AM,11.00 AM,DRCS
1268,31,Monday,2,11.00 AM,12.00 PM,DRCS
1269,31,Monday,3,12.00 PM,01.00 PM,E&C
1270,31,Monday,BREAK,01.00 PM,01.40 PM,LUNCH
1271,31,Monday,4,01.40 PM,02.40 PM,PE-1
1272,31,Monday,5,02.40 PM,03.40 PM,OE-I
1273,31,Monday,6,03.40 PM,04.40 PM,OE-I
1274,31,Tuesday,1,10.00 AM,11.00 AM,PE-1
1275,31,Tuesday,2,11.00 AM,12.00 PM,IDACE LAB
1276,31,Tuesday,3,12.00 PM,01.00 PM,IDACE LAB
1277,31,Tuesday,BREAK,01.00 PM,01.40 PM,LUNCH
1278,31,Tuesday,4,01.40 PM,02.40 PM,DRCS
1279,31,Tuesday,5,02.40 PM,03.40 PM,WRE
1280,31,Tuesday,6,03.40 PM,04.40 PM,E&C
1281,31,Wednesday,1,10.00 AM,11.00 AM,WRE
1282,31,Wednesday,2,11.00 AM,12.00 PM,AW
1283,31,Wednesday,3,12.00 PM,01.00 PM,AW
1284,31,Wednesday,BREAK,01.00 PM,01.40 PM,LUNCH
1285,31,Wednesday,4,01.40 PM,02.40 PM,AECS LAB BATCH-1/EG LAB BATCH-2
1286,31,Wednesday,5,02.40 PM,03.40 PM,AECS LAB BATCH-1/EG LAB BATCH-2
1287,31,Wednesday,6,03.40 PM,04.40 PM,AECS LAB BATCH-1/EG LAB BATCH-2
1288,31,Thursday,1,10.00 AM,11.00 AM,E&C
1289,31,Thursday,2,11.00 AM,12.00 PM,WRE
1290,31,Thursday,3,12.00 PM,01.00 PM,DRCS
1291,31,Thursday,BREAK,01.00 PM,01.40 PM,LUNCH
1292,31,Thursday,4,01.40 PM,02.40 PM,WRE
1293,31,Thursday,5,02.40 PM,03.40 PM,MENTORING
1294,31,Thursday,6,03.40 PM,04.40 PM,ECA/CCA
1295,31,Friday,1,10.00 AM,11.00 AM,AECS LAB BATCH-2/EG LAB BATCH-1
1296,31,Friday,2,11.00 AM,12.00 PM,AECS LAB BATCH-2/EG LAB BATCH-1
1297,31,Friday,3,12.00 PM,01.00 PM,AECS LAB BATCH-2/EG LAB BATCH-1
1298,31,Friday,BREAK,01.00 PM,01.40 PM,LUNCH
1299,31,Friday,4,01.40 PM,02.40 PM,PE-1
1300,31,Friday,5,02.40 PM,03.40 PM,E&C
1301,31,Friday,6,03.40 PM,04.40 PM,SPORTS
1302,31,Saturday,1,10.00 AM,11.00 AM,OE-1
1303,31,Saturday,2,11.00 AM,12.00 PM,PE-1
1304,31,Saturday,3,12.00 PM,01.00 PM,E&C
1305,31,Saturday,BREAK,01.00 PM,01.40 PM,LUNCH
1306,31,Saturday,4,01.40 PM,02.40 PM,WRE
1307,31,Saturday,5,02.40 PM,03.40 PM,DRCS
1308,31,Saturday,6,03.40 PM,04.40 PM,LIBRARY
1309,32,Monday,1,10.00 AM,11.00 AM,EG LAB BATCH-1/AECS LAB BATCH-2
1310,32,Monday,2,11.00 AM,12.00 PM,EG LAB BATCH-1/AECS LAB BATCH-2
1311,32,Monday,3,12.00 PM,01.00 PM,EG LAB BATCH-1/AECS LAB BATCH-2
1312,32,Monday,BREAK,01.00 PM,01.40 PM,LUNCH
1313,32,Monday,4,01.40 PM,02.40 PM,PE-1
1314,32,Monday,5,02.40 PM,03.40 PM,OE-1
1315,32,Monday,6,03.40 PM,04.40 PM,OE-1
1316,32,Tuesday,1,10.00 AM,11.00 AM,PE-1
1317,32,Tuesday,2,11.00 AM,12.00 PM,DRCS
1318,32,Tuesday,3,12.00 PM,01.00 PM,DRCS
1319,32,Tuesday,BREAK,01.00 PM,01.40 PM,LUNCH
1320,32,Tuesday,4,01.40 PM,02.40 PM,WRE
1321,32,Tuesday,5,02.40 PM,03.40 PM,E&C
1322,32,Tuesday,6,03.40 PM,04.40 PM,LIBRARY
1323,32,Wednesday,1,10.00 AM,11.00 AM,E&C
1324,32,Wednesday,2,11.00 AM,12.00 PM,AW
1325,32,Wednesday,3,12.00 PM,01.00 PM,AW
1326,32,Wednesday,BREAK,01.00 PM,01.40 PM,LUNCH
1327,32,Wednesday,4,01.40 PM,02.40 PM,DRCS
1328,32,Wednesday,5,02.40 PM,03.40 PM,MENTORING
1329,32,Wednesday,6,03.40 PM,04.40 PM,ECA/CCA
1330,32,Thursday,1,10.00 AM,11.00 AM,WRE
1331,32,Thursday,2,11.00 AM,12.00 PM,E&C
1332,32,Thursday,3,12.00 PM,01.00 PM,E&C
1333,32,Thursday,BREAK,01.00 PM,01.40 PM,LUNCH
1334,32,Thursday,4,01.40 PM,02.40 PM,EG LAB BATCH-2/AECS LAB BATCH-1
1335,32,Thursday,5,02.40 PM,03.40 PM,EG LAB BATCH-2/AECS LAB BATCH-1
1336,32,Thursday,6,03.40 PM,04.40 PM,EG LAB BATCH-2/AECS LAB BATCH-1
1337,32,Friday,1,10.00 AM,11.00 AM,E&C
1338,32,Friday,2,11.00 AM,12.00 PM,WRE
1339,32,Friday,3,12.00 PM,01.00 PM,WRE
1340,32,Friday,BREAK,01.00 PM,01.40 PM,LUNCH
1341,32,Friday,4,01.40 PM,02.40 PM,PE-1
1342,32,Friday,5,02.40 PM,03.40 PM,DRCS
1343,32,Friday,6,03.40 PM,04.40 PM,SPORTS
1344,32,Saturday,1,10.00 AM,11.00 AM,OE-1
1345,32,Saturday,2,11.00 AM,12.00 PM,PE-1
1346,32,Saturday,3,12.00 PM,01.00 PM,WRE
1347,32,Saturday,BREAK,01.00 PM,01.40 PM,LUNCH
1348,32,Saturday,4,01.40 PM,02.40 PM,IDACE LAB
1349,32,Saturday,5,02.40 PM,03.40 PM,IDACE LAB
1350,32,Saturday,6,03.40 PM,04.40 PM,LIBRARY
1351,33,Monday,1,10.00 AM,11.00 AM,CN
1352,33,Monday,2,11.00 AM,12.00 PM,AI
1353,33,Monday,3,12.00 PM,01.00 PM,ACD
1354,33,Monday,BREAK,01.00 PM,01.40 PM,LUNCH
1355,33,Monday,4,01.40 PM,02.40 PM,PMOB
1356,33,Monday,5,02.40 PM,03.40 PM,OE-1
1358,33,Tuesday,1,10.00 AM,11.00 AM,AECS LAB
1359,33,Tuesday,2,11.00 AM,12.00 PM,AECS LAB
1360,33,Tuesday,3,12.00 PM,01.00 PM,AECS LAB
1361,33,Tuesday,BREAK,01.00 PM,01.40 PM,LUNCH
1362,33,Tuesday,4,01.40 PM,02.40 PM,AI
1363,33,Tuesday,5,02.40 PM,03.40 PM,PMOB
1364,33,Tuesday,6,03.40 PM,04.40 PM,MENTORING
1365,33,Wednesday,1,10.00 AM,11.00 AM,PMOB
1366,33,Wednesday,2,11.00 AM,12.00 PM,AW
1367,33,Wednesday,3,12.00 PM,01.00 PM,AW
1368,33,Wednesday,BREAK,01.00 PM,01.40 PM,LUNCH
1369,33,Wednesday,4,01.40 PM,02.40 PM,CN
1370,33,Wednesday,5,02.40 PM,03.40 PM,MENTORING
1371,33,Wednesday,6,03.40 PM,04.40 PM,ECA
1372,33,Thursday,1,10.00 AM,11.00 AM,AI
1373,33,Thursday,2,11.00 AM,12.00 PM,ACD
1374,33,Thursday,3,12.00 PM,01.00 PM,CN
1375,33,Thursday,BREAK,01.00 PM,01.40 PM,LUNCH
1376,33,Thursday,4,01.40 PM,02.40 PM,PE1
1377,33,Thursday,5,02.40 PM,03.40 PM,SPORTS
1378,33,Thursday,6,03.40 PM,04.40 PM,SPORTS
1379,33,Friday,1,10.00 AM,11.00 AM,ACD
1380,33,Friday,2,11.00 AM,12.00 PM,PE-1
1381,33,Friday,3,12.00 PM,01.00 PM,PE-1
1382,33,Friday,BREAK,01.00 PM,01.40 PM,LUNCH
1383,33,Friday,4,01.40 PM,02.40 PM,CDCN LAB
1384,33,Friday,5,02.40 PM,03.40 PM,CDCN LAB
1385,33,Friday,6,03.40 PM,04.40 PM,CDCN LAB
1386,33,Saturday,1,10.00 AM,11.00 AM,OE-1
1387,33,Saturday,2,11.00 AM,12.00 PM,CN
1388,33,Saturday,3,12.00 PM,01.00 PM,ACD
1389,33,Saturday,BREAK,01.00 PM,01.40 PM,LUNCH
1390,33,Saturday,4,01.40 PM,02.40 PM,AI
1391,33,Saturday,5,02.40 PM,03.40 PM,PE-1
1392,33,Saturday,6,03.40 PM,04.40 PM,CCA
1393,34,Monday,1,10.00 AM,11.00 AM,AECS LAB
1394,34,Monday,2,11.00 AM,12.00 PM,AECS LAB
1395,34,Monday,3,12.00 PM,01.00 PM,AECS LAB
1396,34,Monday,BREAK,01.00 PM,01.40 PM,LUNCH
1397,34,Monday,4,01.40 PM,02.40 PM,PMOB
1398,34,Monday,5,02.40 PM,03.40 PM,OE-1
1399,34,Monday,6,03.40 PM,04.40 PM,OE-1
1400,34,Tuesday,1,10.00 AM,11.00 AM,CN
1401,34,Tuesday,2,11.00 AM,12.00 PM,CN
1402,34,Tuesday,3,12.00 PM,01.00 PM,AI
1403,34,Tuesday,BREAK,01.00 PM,01.40 PM,LUNCH
1404,34,Tuesday,4,01.40 PM,02.40 PM,PMOB
1405,34,Tuesday,5,02.40 PM,03.40 PM,LIB
1406,34,Tuesday,6,03.40 PM,04.40 PM,ECA/CCA
1407,34,Wednesday,1,10.00 AM,11.00 AM,CN/ ACD
1408,34,Wednesday,2,11.00 AM,12.00 PM,CN/ ACD
1409,34,Wednesday,3,12.00 PM,01.00 PM,AW
1410,34,Wednesday,BREAK,01.00 PM,01.40 PM,LUNCH
1411,34,Wednesday,4,01.40 PM,02.40 PM,ACD
1412,34,Wednesday,5,02.40 PM,03.40 PM,AI
1413,34,Wednesday,6,03.40 PM,04.40 PM,CCA
1414,34,Thursday,1,10.00 AM,11.00 AM,AI
1415,34,Thursday,2,11.00 AM,12.00 PM,CN
1416,34,Thursday,3,12.00 PM,01.00 PM,ACD
1417,34,Thursday,BREAK,01.00 PM,01.40 PM,LUNCH
1418,34,Thursday,4,01.40 PM,02.40 PM,PE-1
1419,34,Thursday,5,02.40 PM,03.40 PM,SPORTS
1420,34,Thursday,6,03.40 PM,04.40 PM,SPORTS
1421,34,Friday,1,10.00 AM,11.00 AM,PMOB
1422,34,Friday,2,11.00 AM,12.00 PM,PE-1
1423,34,Friday,3,12.00 PM,01.00 PM,PE-1
1424,34,Friday,BREAK,01.00 PM,01.40 PM,LUNCH
1425,34,Friday,4,01.40 PM,02.40 PM,CDCN LAB
1426,34,Friday,5,02.40 PM,03.40 PM,CDCN LAB
1427,34,Friday,6,03.40 PM,04.40 PM,CDCN LAB
1428,34,Saturday,1,10.00 AM,11.00 AM,OE-1
1429,34,Saturday,2,11.00 AM,12.00 PM,CN
1430,34,Saturday,3,12.00 PM,01.00 PM,ACD
1431,34,Saturday,BREAK,01.00 PM,01.40 PM,LUNCH
1432,34,Saturday,4,01.40 PM,02.40 PM,AI
1433,34,Saturday,5,02.40 PM,03.40 PM,PE-1
1434,34,Saturday,6,03.40 PM,04.40 PM,MENTORING
1435,35,Monday,1,10.00 AM,11.00 AM,PMOB
1436,35,Monday,2,11.00 AM,12.00 PM,CN
1437,35,Monday,3,12.00 PM,01.00 PM,ACD
1438,35,Monday,BREAK,01.00 PM,01.40 PM,LUNCH
1439,35,Monday,4,01.40 PM,02.40 PM,AI
1440,35,Monday,5,02.40 PM,03.40 PM,OE-1
1441,35,Monday,6,03.40 PM,04.40 PM,OE-1
1442,35,Tuesday,1,10.00 AM,11.00 AM,CDCN LAB
1443,35,Tuesday,2,11.00 AM,12.00 PM,CDCN LAB
1444,35,Tuesday,3,12.00 PM,01.00 PM,CDCN LAB
1445,35,Tuesday,BREAK,01.00 PM,01.40 PM,LUNCH
1446,35,Tuesday,4,01.40 PM,02.40 PM,CN
1447,35,Tuesday,5,02.40 PM,03.40 PM,AW
1448,35,Tuesday,6,03.40 PM,04.40 PM,AW
1449,35,Wednesday,1,10.00 AM,11.00 AM,PMOB
1450,35,Wednesday,2,11.00 AM,12.00 PM,CN
1451,35,Wednesday,3,12.00 PM,01.00 PM,AI
1452,35,Wednesday,BREAK,01.00 PM,01.40 PM,LUNCH
1453,35,Wednesday,4,01.40 PM,02.40 PM,AECS LAB
1454,35,Wednesday,5,02.40 PM,03.40 PM,AECS LAB
1455,35,Wednesday,6,03.40 PM,04.40 PM,AECS LAB
1456,35,Thursday,1,10.00 AM,11.00 AM,ACD
1457,35,Thursday,2,11.00 AM,12.00 PM,CN
1458,35,Thursday,3,12.00 PM,01.00 PM,AI
1459,35,Thursday,BREAK,01.00 PM,01.40 PM,LUNCH
1460,35,Thursday,4,01.40 PM,02.40 PM,PE-1
1461,35,Thursday,5,02.40 PM,03.40 PM,SPORTS
1462,35,Thursday,6,03.40 PM,04.40 PM,LIBRARY
1463,35,Friday,1,10.00 AM,11.00 AM,ACD
1464,35,Friday,2,11.00 AM,12.00 PM,PE-1
1465,35,Friday,3,12.00 PM,01.00 PM,PE-1
1466,35,Friday,BREAK,01.00 PM,01.40 PM,LUNCH
1467,35,Friday,4,01.40 PM,02.40 PM,Mentoring
1468,35,Friday,5,02.40 PM,03.40 PM,LIBRARY
1470,35,Saturday,1,10.00 AM,11.00 AM,OE-1
1471,35,Saturday,2,11.00 AM,12.00 PM,AI
1472,35,Saturday,3,12.00 PM,01.00 PM,PMOB
1473,35,Saturday,BREAK,01.00 PM,01.40 PM,LUNCH
1474,35,Saturday,4,01.40 PM,02.40 PM,ACD
1475,35,Saturday,5,02.40 PM,03.40 PM,PE-1
1476,35,Saturday,6,03.40 PM,04.40 PM,ECA
1477,36,Monday,1,10.00 AM,11.00 AM,CN
1478,36,Monday,2,11.00 AM,12.00 PM,AI
1479,36,Monday,3,12.00 PM,01.00 PM,PMOB
1480,36,Monday,BREAK,01.00 PM,01.40 PM,LUNCH
1481,36,Monday,4,01.40 PM,02.40 PM,ACD
1482,36,Monday,5,02.40 PM,03.40 PM,OE-1
1483,36,Monday,6,03.40 PM,04.40 PM,OE-1
1484,36,Tuesday,1,10.00 AM,11.00 AM,AI
1485,36,Tuesday,2,11.00 AM,12.00 PM,PMOB
1486,36,Tuesday,3,12.00 PM,01.00 PM,ACD
1487,36,Tuesday,BREAK,01.00 PM,01.40 PM,LUNCH
1488,36,Tuesday,4,01.40 PM,02.40 PM,CN
1489,36,Tuesday,5,02.40 PM,03.40 PM,AW
1490,36,Tuesday,6,03.40 PM,04.40 PM,AW
1491,36,Wednesday,1,10.00 AM,11.00 AM,CDCN LAB
1492,36,Wednesday,2,11.00 AM,12.00 PM,CDCN LAB
1493,36,Wednesday,3,12.00 PM,01.00 PM,CDCN LAB
1494,36,Wednesday,BREAK,01.00 PM,01.40 PM,LUNCH
1495,36,Wednesday,4,01.40 PM,02.40 PM,Mentoring
1496,36,Wednesday,5,02.40 PM,03.40 PM,ECA/CCA
1497,36,Wednesday,6,03.40 PM,04.40 PM,ECA/CCA
1498,36,Thursday,1,10.00 AM,11.00 AM,CN
1499,36,Thursday,2,11.00 AM,12.00 PM,AI
1500,36,Thursday,3,12.00 PM,01.00 PM,ACD
1501,36,Thursday,BREAK,01.00 PM,01.40 PM,LUNCH
1502,36,Thursday,4,01.40 PM,02.40 PM,PE-1
1503,36,Thursday,5,02.40 PM,03.40 PM,SPORTS
1504,36,Thursday,6,03.40 PM,04.40 PM,LIBRARY
1505,36,Friday,1,10.00 AM,11.00 AM,ACD
1506,36,Friday,2,11.00 AM,12.00 PM,PE-1
1507,36,Friday,3,12.00 PM,01.00 PM,PE-1
1508,36,Friday,BREAK,01.00 PM,01.40 PM,LUNCH
1509,36,Friday,4,01.40 PM,02.40 PM,AECS LAB
1510,36,Friday,5,02.40 PM,03.40 PM,AECS LAB
1511,36,Friday,6,03.40 PM,04.40 PM,AECS LAB
1512,36,Saturday,1,10.00 AM,11.00 AM,OE-1
1513,36,Saturday,2,11.00 AM,12.00 PM,AI
1514,36,Saturday,3,12.00 PM,01.00 PM,CN
1515,36,Saturday,BREAK,01.00 PM,01.40 PM,LUNCH
1516,36,Saturday,4,01.40 PM,02.40 PM,PMOB
1517,36,Saturday,5,02.40 PM,03.40 PM,PE-1
1518,36,Saturday,6,03.40 PM,04.40 PM,SPORTS
1519,37,Monday,1,10.00 AM,11.00 AM,ML
1520,37,Monday,2,11.00 AM,12.00 PM,PE1
1521,37,Monday,3,12.00 PM,01.00 PM,FOE
1522,37,Monday,BREAK,01.00 PM,01.40 PM,LUNCH
1523,37,Monday,4,01.40 PM,02.40 PM,CN LAB/ML LAB
1524,37,Monday,5,02.40 PM,03.40 PM,CN LAB/ML LAB
1525,37,Monday,6,03.40 PM,04.40 PM,CN LAB/ML LAB
1526,37,Tuesday,1,10.00 AM,11.00 AM,PE1
1527,37,Tuesday,2,11.00 AM,12.00 PM,IOT
1528,37,Tuesday,3,12.00 PM,01.00 PM,CN
1529,37,Tuesday,BREAK,01.00 PM,01.40 PM,LUNCH
1530,37,Tuesday,4,01.40 PM,02.40 PM,FOE
1531,37,Tuesday,5,02.40 PM,03.40 PM,DT
1532,37,Tuesday,6,03.40 PM,04.40 PM,DT
1533,37,Wednesday,1,10.00 AM,11.00 AM,CN
1534,37,Wednesday,2,11.00 AM,12.00 PM,IOT
1535,37,Wednesday,3,12.00 PM,01.00 PM,ML
1536,37,Wednesday,BREAK,01.00 PM,01.40 PM,LUNCH
1537,37,Wednesday,4,01.40 PM,02.40 PM,ML LAB/CN LAB
1538,37,Wednesday,5,02.40 PM,03.40 PM,ML LAB/CN LAB
1539,37,Wednesday,6,03.40 PM,04.40 PM,ML LAB/CN LAB
1540,37,Thursday,1,10.00 AM,11.00 AM,CN
1541,37,Thursday,2,11.00 AM,12.00 PM,IOT
1542,37,Thursday,3,12.00 PM,01.00 PM,ML
1543,37,Thursday,BREAK,01.00 PM,01.40 PM,LUNCH
1544,37,Thursday,4,01.40 PM,02.40 PM,MENTORING
1545,37,Thursday,5,02.40 PM,03.40 PM,SPORTS
1546,37,Thursday,6,03.40 PM,04.40 PM,LIBRARY
1547,37,Friday,1,10.00 AM,11.00 AM,PE1
1548,37,Friday,2,11.00 AM,12.00 PM,ML
1549,37,Friday,3,12.00 PM,01.00 PM,IOT
1550,37,Friday,BREAK,01.00 PM,01.40 PM,LUNCH
1551,37,Friday,4,01.40 PM,02.40 PM,DV LAB
1552,37,Friday,5,02.40 PM,03.40 PM,DV LAB
1553,37,Friday,6,03.40 PM,04.40 PM,DV LAB
1554,37,Saturday,1,10.00 AM,11.00 AM,FOE
1555,37,Saturday,2,11.00 AM,12.00 PM,CN
1556,37,Saturday,3,12.00 PM,01.00 PM,PE1
1557,37,Saturday,BREAK,01.00 PM,01.40 PM,LUNCH
1558,37,Saturday,4,01.40 PM,02.40 PM,DT
1559,37,Saturday,5,02.40 PM,03.40 PM,GS
1560,37,Saturday,6,03.40 PM,04.40 PM,GS
1561,38,Monday,1,10.00 AM,11.00 AM,CC
1562,38,Monday,2,11.00 AM,12.00 PM,MDS
1563,38,Monday,3,12.00 PM,01.00 PM,ACD
1564,38,Monday,BREAK,01.00 PM,01.40 PM,LUNCH
1565,38,Monday,4,01.40 PM,02.40 PM,CN&EH
1566,38,Monday,5,02.40 PM,03.40 PM,OE-I
1567,38,Monday,6,03.40 PM,04.40 PM,OE-I
1568,38,Tuesday,1,10.00 AM,11.00 AM,MDS LAB/CN&EH LAB
1569,38,Tuesday,2,11.00 AM,12.00 PM,MDS LAB/CN&EH LAB
1570,38,Tuesday,3,12.00 PM,01.00 PM,MDS LAB/CN&EH LAB
1571,38,Tuesday,BREAK,01.00 PM,01.40 PM,LUNCH
1572,38,Tuesday,4,01.40 PM,02.40 PM,USLA
1573,38,Tuesday,5,02.40 PM,03.40 PM,CC
1574,38,Tuesday,6,03.40 PM,04.40 PM,CVA-L3
1575,38,Wednesday,1,10.00 AM,11.00 AM,MDS
1576,38,Wednesday,2,11.00 AM,12.00 PM,CC
1577,38,Wednesday,3,12.00 PM,01.00 PM,USLA
1578,38,Wednesday,BREAK,01.00 PM,01.40 PM,LUNCH
1579,38,Wednesday,4,01.40 PM,02.40 PM,CN&EH
1580,38,Wednesday,5,02.40 PM,03.40 PM,LIBRARY
1581,38,Wednesday,6,03.40 PM,04.40 PM,SPORTS
1582,38,Thursday,1,10.00 AM,11.00 AM,ACD
1583,38,Thursday,2,11.00 AM,12.00 PM,CC
1584,38,Thursday,3,12.00 PM,01.00 PM,CN&EH
1585,38,Thursday,BREAK,01.00 PM,01.40 PM,LUNCH
1586,38,Thursday,4,01.40 PM,02.40 PM,CN&EH LAB / MDS LAB
1587,38,Thursday,5,02.40 PM,03.40 PM,CN&EH LAB / MDS LAB
1588,38,Thursday,6,03.40 PM,04.40 PM,CN&EH LAB / MDS LAB
1589,38,Friday,1,10.00 AM,11.00 AM,CN&EH
1590,38,Friday,2,11.00 AM,12.00 PM,USLA
1591,38,Friday,3,12.00 PM,01.00 PM,ACD
1592,38,Friday,BREAK,01.00 PM,01.40 PM,LUNCH
1593,38,Friday,4,01.40 PM,02.40 PM,MDS
1594,38,Friday,5,02.40 PM,03.40 PM,MTP
1595,38,Friday,6,03.40 PM,04.40 PM,CCA/ ECA
1596,38,Saturday,1,10.00 AM,11.00 AM,OE-I
1597,38,Saturday,2,11.00 AM,12.00 PM,ACD
1598,38,Saturday,3,12.00 PM,01.00 PM,MDS
1599,38,Saturday,BREAK,01.00 PM,01.40 PM,LUNCH
1600,38,Saturday,4,01.40 PM,02.40 PM,USLA
1601,38,Saturday,5,02.40 PM,03.40 PM,GS
1602,38,Saturday,6,03.40 PM,04.40 PM,GS
1603,39,Monday,1,10.00 AM,11.00 AM,ACD
1604,39,Monday,2,11.00 AM,12.00 PM,USLA
1605,39,Monday,3,12.00 PM,01.00 PM,CC
1606,39,Monday,BREAK,01.00 PM,01.40 PM,LUNCH
1607,39,Monday,4,01.40 PM,02.40 PM,CN&EH
1608,39,Monday,5,02.40 PM,03.40 PM,OE-I
1609,39,Monday,6,03.40 PM,04.40 PM,OE-I
1610,39,Tuesday,1,10.00 AM,11.00 AM,CN&EH
1611,39,Tuesday,2,11.00 AM,12.00 PM,USLA
1612,39,Tuesday,3,12.00 PM,01.00 PM,CC
1613,39,Tuesday,BREAK,01.00 PM,01.40 PM,LUNCH
1614,39,Tuesday,4,01.40 PM,02.40 PM,MDS
1615,39,Tuesday,5,02.40 PM,03.40 PM,MDS
1616,39,Tuesday,6,03.40 PM,04.40 PM,ECA/CCA
1617,39,Wednesday,1,10.00 AM,11.00 AM,ACD
1618,39,Wednesday,2,11.00 AM,12.00 PM,CN&EH
1619,39,Wednesday,3,12.00 PM,01.00 PM,USLA
1620,39,Wednesday,BREAK,01.00 PM,01.40 PM,LUNCH
1621,39,Wednesday,4,01.40 PM,02.40 PM,MDS
1622,39,Wednesday,5,02.40 PM,03.40 PM,Library
1623,39,Wednesday,6,03.40 PM,04.40 PM,SPORTS
1624,39,Thursday,1,10.00 AM,11.00 AM,MDS LAB/CN&EH LAB
1625,39,Thursday,2,11.00 AM,12.00 PM,MDS LAB/CN&EH LAB
1626,39,Thursday,3,12.00 PM,01.00 PM,MDS LAB/CN&EH LAB
1627,39,Thursday,BREAK,01.00 PM,01.40 PM,LUNCH
1628,39,Thursday,4,01.40 PM,02.40 PM,CN&EH
1629,39,Thursday,5,02.40 PM,03.40 PM,GS
1630,39,Thursday,6,03.40 PM,04.40 PM,GS
1631,39,Friday,1,10.00 AM,11.00 AM,CC
1632,39,Friday,2,11.00 AM,12.00 PM,ACD
1633,39,Friday,3,12.00 PM,01.00 PM,MDS
1634,39,Friday,BREAK,01.00 PM,01.40 PM,LUNCH
1635,39,Friday,4,01.40 PM,02.40 PM,CN&EH LAB/MDS LAB
1636,39,Friday,5,02.40 PM,03.40 PM,CN&EH LAB/MDS LAB
1637,39,Friday,6,03.40 PM,04.40 PM,CN&EH LAB/MDS LAB
1638,39,Saturday,1,10.00 AM,11.00 AM,OE-I
1639,39,Saturday,2,11.00 AM,12.00 PM,ACD
1640,39,Saturday,3,12.00 PM,01.00 PM,USLA
1641,39,Saturday,BREAK,01.00 PM,01.40 PM,LUNCH
1642,39,Saturday,4,01.40 PM,02.40 PM,CC
1643,39,Saturday,5,02.40 PM,03.40 PM,MTP
1644,39,Saturday,6,03.40 PM,04.40 PM,CVA-L3
1645,40,Monday,1,10.00 AM,11.00 AM,ACD
1646,40,Monday,2,11.00 AM,12.00 PM,MDS
1647,40,Monday,3,12.00 PM,01.00 PM,CC
1648,40,Monday,BREAK,01.00 PM,01.40 PM,LUNCH
1649,40,Monday,4,01.40 PM,02.40 PM,CN&EH
1650,40,Monday,5,02.40 PM,03.40 PM,OE-I
1651,40,Monday,6,03.40 PM,04.40 PM,OE-I
1652,40,Tuesday,1,10.00 AM,11.00 AM,MDS LAB/ CN&EH LAB
1653,40,Tuesday,2,11.00 AM,12.00 PM,MDS LAB/ CN&EH LAB
1654,40,Tuesday,3,12.00 PM,01.00 PM,MDS LAB/ CN&EH LAB
1655,40,Tuesday,BREAK,01.00 PM,01.40 PM,LUNCH
1656,40,Tuesday,4,01.40 PM,02.40 PM,MDS
1657,40,Tuesday,5,02.40 PM,03.40 PM,ACD
1658,40,Tuesday,6,03.40 PM,04.40 PM,CCA
1659,40,Wednesday,1,10.00 AM,11.00 AM,CN&EH
1660,40,Wednesday,2,11.00 AM,12.00 PM,MDS
1661,40,Wednesday,3,12.00 PM,01.00 PM,ACD
1662,40,Wednesday,BREAK,01.00 PM,01.40 PM,LUNCH
1663,40,Wednesday,4,01.40 PM,02.40 PM,USLA
1664,40,Wednesday,5,02.40 PM,03.40 PM,MTP
1665,40,Wednesday,6,03.40 PM,04.40 PM,CVA-L3
1666,40,Thursday,1,10.00 AM,11.00 AM,CN&EH LAB / MDS LAB
1667,40,Thursday,2,11.00 AM,12.00 PM,CN&EH LAB / MDS LAB
1668,40,Thursday,3,12.00 PM,01.00 PM,CN&EH LAB / MDS LAB
1669,40,Thursday,BREAK,01.00 PM,01.40 PM,LUNCH
1670,40,Thursday,4,01.40 PM,02.40 PM,USLA
1671,40,Thursday,5,02.40 PM,03.40 PM,GS
1672,40,Thursday,6,03.40 PM,04.40 PM,GS
1673,40,Friday,1,10.00 AM,11.00 AM,USLA
1674,40,Friday,2,11.00 AM,12.00 PM,MDS
1675,40,Friday,3,12.00 PM,01.00 PM,CN&EH
1676,40,Friday,BREAK,01.00 PM,01.40 PM,LUNCH
1677,40,Friday,4,01.40 PM,02.40 PM,ACD
1678,40,Friday,5,02.40 PM,03.40 PM,CC
1679,40,Friday,6,03.40 PM,04.40 PM,CC
1680,40,Saturday,1,10.00 AM,11.00 AM,OE-I
1681,40,Saturday,2,11.00 AM,12.00 PM,CN&EH
1682,40,Saturday,3,12.00 PM,01.00 PM,USLA
1683,40,Saturday,BREAK,01.00 PM,01.40 PM,LUNCH
1684,40,Saturday,4,01.40 PM,02.40 PM,CC
1685,40,Saturday,5,02.40 PM,03.40 PM,LIBRARY
1686,40,Saturday,6,03.40 PM,04.40 PM,SPORTS
1687,41,Monday,1,10.00 AM,11.00 AM,INS
1688,41,Monday,2,11.00 AM,12.00 PM,MDS
1689,41,Monday,3,12.00 PM,01.00 PM,SSE
1690,41,Monday,BREAK,01.00 PM,01.40 PM,LUNCH
1691,41,Monday,4,01.40 PM,02.40 PM,MA
1692,41,Monday,5,02.40 PM,03.40 PM,OE-I
1693,41,Monday,6,03.40 PM,04.40 PM,OE-I
1694,41,Tuesday,1,10.00 AM,11.00 AM,MA LAB / OS&SSE LAB
1695,41,Tuesday,2,11.00 AM,12.00 PM,MA LAB / OS&SSE LAB
1696,41,Tuesday,3,12.00 PM,01.00 PM,MA LAB / OS&SSE LAB
1697,41,Tuesday,BREAK,01.00 PM,01.40 PM,LUNCH
1698,41,Tuesday,4,01.40 PM,02.40 PM,MDS
1699,41,Tuesday,5,02.40 PM,03.40 PM,GS
1700,41,Tuesday,6,03.40 PM,04.40 PM,GS
1701,41,Wednesday,1,10.00 AM,11.00 AM,MA
1702,41,Wednesday,2,11.00 AM,12.00 PM,INS
1703,41,Wednesday,3,12.00 PM,01.00 PM,OS
1704,41,Wednesday,BREAK,01.00 PM,01.40 PM,LUNCH
1705,41,Wednesday,4,01.40 PM,02.40 PM,SSE
1706,41,Wednesday,5,02.40 PM,03.40 PM,CVA-L3
1707,41,Wednesday,6,03.40 PM,04.40 PM,ECA
1708,41,Thursday,1,10.00 AM,11.00 AM,SSE
1709,41,Thursday,2,11.00 AM,12.00 PM,OS
1710,41,Thursday,3,12.00 PM,01.00 PM,MA
1711,41,Thursday,BREAK,01.00 PM,01.40 PM,LUNCH
1712,41,Thursday,4,01.40 PM,02.40 PM,OS&SSE LAB / MA LAB
1713,41,Thursday,5,02.40 PM,03.40 PM,OS&SSE LAB / MA LAB
1714,41,Thursday,6,03.40 PM,04.40 PM,OS&SSE LAB / MA LAB
1715,41,Friday,1,10.00 AM,11.00 AM,OS
1716,41,Friday,2,11.00 AM,12.00 PM,INS
1717,41,Friday,3,12.00 PM,01.00 PM,OS
1718,41,Friday,BREAK,01.00 PM,01.40 PM,LUNCH
1719,41,Friday,4,01.40 PM,02.40 PM,MDS
1720,41,Friday,5,02.40 PM,03.40 PM,MA
1721,41,Friday,6,03.40 PM,04.40 PM,CCA
1722,41,Saturday,1,10.00 AM,11.00 AM,OE-I
1723,41,Saturday,2,11.00 AM,12.00 PM,MDS
1724,41,Saturday,3,12.00 PM,01.00 PM,INS
1725,41,Saturday,BREAK,01.00 PM,01.40 PM,LUNCH
1726,41,Saturday,4,01.40 PM,02.40 PM,SSE
1727,41,Saturday,5,02.40 PM,03.40 PM,LIBRARY
1728,41,Saturday,6,03.40 PM,04.40 PM,SPORTS
1729,42,Monday,1,10.00 AM,11.00 AM,AIE
1730,42,Monday,2,11.00 AM,12.00 PM,USLA
1731,42,Monday,3,12.00 PM,01.00 PM,ACD
1732,42,Monday,BREAK,01.00 PM,01.40 PM,LUNCH
1733,42,Monday,4,01.40 PM,02.40 PM,CC
1734,42,Monday,5,02.40 PM,03.40 PM,OE-I
1735,42,Monday,6,03.40 PM,04.40 PM,OE-I
1736,42,Tuesday,1,10.00 AM,11.00 AM,USLA
1737,42,Tuesday,2,11.00 AM,12.00 PM,AIE
1738,42,Tuesday,3,12.00 PM,01.00 PM,CC
1739,42,Tuesday,BREAK,01.00 PM,01.40 PM,LUNCH
1740,42,Tuesday,4,01.40 PM,02.40 PM,ACD
1741,42,Tuesday,5,02.40 PM,03.40 PM,MTP
1742,42,Tuesday,6,03.40 PM,04.40 PM,CVA-L3
1743,42,Wednesday,1,10.00 AM,11.00 AM,CN&EH
1744,42,Wednesday,2,11.00 AM,12.00 PM,USLA
1745,42,Wednesday,3,12.00 PM,01.00 PM,ACD
1746,42,Wednesday,BREAK,01.00 PM,01.40 PM,LUNCH
1747,42,Wednesday,4,01.40 PM,02.40 PM,CN&EH
1748,42,Wednesday,5,02.40 PM,03.40 PM,AIE
1749,42,Wednesday,6,03.40 PM,04.40 PM,LIBRARY
1750,42,Thursday,1,10.00 AM,11.00 AM,AIE LAB/ CN&EH LAB
1751,42,Thursday,2,11.00 AM,12.00 PM,AIE LAB/ CN&EH LAB
1752,42,Thursday,3,12.00 PM,01.00 PM,AIE LAB/ CN&EH LAB
1753,42,Thursday,BREAK,01.00 PM,01.40 PM,LUNCH
1754,42,Thursday,4,01.40 PM,02.40 PM,CC
1755,42,Thursday,5,02.40 PM,03.40 PM,AIE
1756,42,Thursday,6,03.40 PM,04.40 PM,SPORTS
1757,42,Friday,1,10.00 AM,11.00 AM,CN&EH LAB / AIE LAB
1758,42,Friday,2,11.00 AM,12.00 PM,CN&EH LAB / AIE LAB
1759,42,Friday,3,12.00 PM,01.00 PM,CN&EH LAB / AIE LAB
1760,42,Friday,BREAK,01.00 PM,01.40 PM,LUNCH
1761,42,Friday,4,01.40 PM,02.40 PM,CN&EH
1762,42,Friday,5,02.40 PM,03.40 PM,USLA
1763,42,Friday,6,03.40 PM,04.40 PM,CCA/ ECA
1764,42,Saturday,1,10.00 AM,11.00 AM,OE-I
1765,42,Saturday,2,11.00 AM,12.00 PM,CC
1766,42,Saturday,3,12.00 PM,01.00 PM,CN&EH
1767,42,Saturday,BREAK,01.00 PM,01.40 PM,LUNCH
1768,42,Saturday,4,01.40 PM,02.40 PM,ACD
1769,42,Saturday,5,02.40 PM,03.40 PM,GS
1770,42,Saturday,6,03.40 PM,04.40 PM,GS
1771,43,Monday,1,10.00 AM,11.00 AM,DSP
1772,43,Monday,2,11.00 AM,12.00 PM,AW
1773,43,Monday,3,12.00 PM,01.00 PM,AW
1774,43,Monday,BREAK,01.00 PM,01.40 PM,LUNCH
1775,43,Monday,4,01.40 PM,02.40 PM,PE-1
1776,43,Monday,5,02.40 PM,03.40 PM,OE-1
1777,43,Monday,6,03.40 PM,04.40 PM,OE-1
1778,43,Tuesday,1,10.00 AM,11.00 AM,T&P
1779,43,Tuesday,2,11.00 AM,12.00 PM,T&P
1780,43,Tuesday,3,12.00 PM,01.00 PM,T&P
1781,43,Tuesday,BREAK,01.00 PM,01.40 PM,LUNCH
1782,43,Tuesday,4,01.40 PM,02.40 PM,T&P
1783,43,Tuesday,5,02.40 PM,03.40 PM,T&P
1784,43,Tuesday,6,03.40 PM,04.40 PM,T&P
1785,43,Wednesday,1,10.00 AM,11.00 AM,MPMC LAB
1786,43,Wednesday,2,11.00 AM,12.00 PM,MPMC LAB
1787,43,Wednesday,3,12.00 PM,01.00 PM,MPMC LAB
1788,43,Wednesday,BREAK,01.00 PM,01.40 PM,LUNCH
1789,43,Wednesday,4,01.40 PM,02.40 PM,MPMC
1790,43,Wednesday,5,02.40 PM,03.40 PM,AWP
1791,43,Wednesday,6,03.40 PM,04.40 PM,DSP
1792,43,Thursday,1,10.00 AM,11.00 AM,MPMC
1793,43,Thursday,2,11.00 AM,12.00 PM,MPMC
1794,43,Thursday,3,12.00 PM,01.00 PM,PE-1
1795,43,Thursday,BREAK,01.00 PM,01.40 PM,LUNCH
1796,43,Thursday,4,01.40 PM,02.40 PM,DSP LAB
1797,43,Thursday,5,02.40 PM,03.40 PM,DSP LAB
1798,43,Thursday,6,03.40 PM,04.40 PM,DSP LAB
1799,43,Friday,1,10.00 AM,11.00 AM,ACS LAB
1800,43,Friday,2,11.00 AM,12.00 PM,ACS LAB
1801,43,Friday,3,12.00 PM,01.00 PM,ACS LAB
1802,43,Friday,BREAK,01.00 PM,01.40 PM,LUNCH
1803,43,Friday,4,01.40 PM,02.40 PM,DSP
1804,43,Friday,5,02.40 PM,03.40 PM,AWP
1805,43,Friday,6,03.40 PM,04.40 PM,MPMC
1806,43,Saturday,1,10.00 AM,11.00 AM,OE-1
1807,43,Saturday,2,11.00 AM,12.00 PM,AWP
1808,43,Saturday,3,12.00 PM,01.00 PM,DSP
1809,43,Saturday,BREAK,01.00 PM,01.40 PM,LUNCH
1810,43,Saturday,4,01.40 PM,02.40 PM,AWP
1811,43,Saturday,5,02.40 PM,03.40 PM,MPMC
1812,43,Saturday,6,03.40 PM,04.40 PM,LIB/MTP
1813,44,Monday,1,10.00 AM,11.00 AM,DSP
1814,44,Monday,2,11.00 AM,12.00 PM,AW
1815,44,Monday,3,12.00 PM,01.00 PM,AW
1816,44,Monday,BREAK,01.00 PM,01.40 PM,LUNCH
1817,44,Monday,4,01.40 PM,02.40 PM,PE-1
1818,44,Monday,5,02.40 PM,03.40 PM,OE-1
1819,44,Monday,6,03.40 PM,04.40 PM,OE-1
1820,44,Tuesday,1,10.00 AM,11.00 AM,T&P
1821,44,Tuesday,2,11.00 AM,12.00 PM,T&P
1822,44,Tuesday,3,12.00 PM,01.00 PM,T&P
1823,44,Tuesday,BREAK,01.00 PM,01.40 PM,LUNCH
1824,44,Tuesday,4,01.40 PM,02.40 PM,T&P
1825,44,Tuesday,5,02.40 PM,03.40 PM,T&P
1826,44,Tuesday,6,03.40 PM,04.40 PM,T&P
1827,44,Wednesday,1,10.00 AM,11.00 AM,MPMC
1828,44,Wednesday,2,11.00 AM,12.00 PM,AWP
1829,44,Wednesday,3,12.00 PM,01.00 PM,AWP
1830,44,Wednesday,BREAK,01.00 PM,01.40 PM,LUNCH
1831,44,Wednesday,4,01.40 PM,02.40 PM,MPMC LAB
1832,44,Wednesday,5,02.40 PM,03.40 PM,MPMC LAB
1833,44,Wednesday,6,03.40 PM,04.40 PM,MPMC LAB
1834,44,Thursday,1,10.00 AM,11.00 AM,MPMC
1835,44,Thursday,2,11.00 AM,12.00 PM,PE-1
1836,44,Thursday,3,12.00 PM,01.00 PM,PE-1
1837,44,Thursday,BREAK,01.00 PM,01.40 PM,LUNCH
1838,44,Thursday,4,01.40 PM,02.40 PM,ACS LAB
1839,44,Thursday,5,02.40 PM,03.40 PM,ACS LAB
1840,44,Thursday,6,03.40 PM,04.40 PM,ACS LAB
1841,44,Friday,1,10.00 AM,11.00 AM,DSP
1842,44,Friday,2,11.00 AM,12.00 PM,DSP
1843,44,Friday,3,12.00 PM,01.00 PM,MPMC
1844,44,Friday,BREAK,01.00 PM,01.40 PM,LUNCH
1845,44,Friday,4,01.40 PM,02.40 PM,DSP LAB
1846,44,Friday,5,02.40 PM,03.40 PM,DSP LAB
1847,44,Friday,6,03.40 PM,04.40 PM,DSP LAB
1848,44,Saturday,1,10.00 AM,11.00 AM,OE-1
1849,44,Saturday,2,11.00 AM,12.00 PM,AWP
1850,44,Saturday,3,12.00 PM,01.00 PM,DSP
1851,44,Saturday,BREAK,01.00 PM,01.40 PM,LUNCH
1852,44,Saturday,4,01.40 PM,02.40 PM,AWP
1853,44,Saturday,5,02.40 PM,03.40 PM,MPMC
1854,44,Saturday,6,03.40 PM,04.40 PM,LIB/MTP
1855,45,Monday,1,10.00 AM,11.00 AM,ACS LAB
1856,45,Monday,2,11.00 AM,12.00 PM,ACS LAB
1857,45,Monday,3,12.00 PM,01.00 PM,ACS LAB
1858,45,Monday,BREAK,01.00 PM,01.40 PM,LUNCH
1859,45,Monday,4,01.40 PM,02.40 PM,PE-1
1860,45,Monday,5,02.40 PM,03.40 PM,OE-1
1861,45,Monday,6,03.40 PM,04.40 PM,OE-1
1862,45,Tuesday,1,10.00 AM,11.00 AM,T&P
1863,45,Tuesday,2,11.00 AM,12.00 PM,T&P
1864,45,Tuesday,3,12.00 PM,01.00 PM,T&P
1865,45,Tuesday,BREAK,01.00 PM,01.40 PM,LUNCH
1866,45,Tuesday,4,01.40 PM,02.40 PM,T&P
1867,45,Tuesday,5,02.40 PM,03.40 PM,T&P
1868,45,Tuesday,6,03.40 PM,04.40 PM,T&P
1869,45,Wednesday,1,10.00 AM,11.00 AM,DSP
1870,45,Wednesday,2,11.00 AM,12.00 PM,AW
1871,45,Wednesday,3,12.00 PM,01.00 PM,AW
1872,45,Wednesday,BREAK,01.00 PM,01.40 PM,LUNCH
1873,45,Wednesday,4,01.40 PM,02.40 PM,DSP
1874,45,Wednesday,5,02.40 PM,03.40 PM,MPMC
1875,45,Wednesday,6,03.40 PM,04.40 PM,MPMC
1876,45,Thursday,1,10.00 AM,11.00 AM,AWP
1877,45,Thursday,2,11.00 AM,12.00 PM,PE-1
1878,45,Thursday,3,12.00 PM,01.00 PM,PE-1
1879,45,Thursday,BREAK,01.00 PM,01.40 PM,LUNCH
1880,45,Thursday,4,01.40 PM,02.40 PM,MPMC LAB
1881,45,Thursday,5,02.40 PM,03.40 PM,MPMC LAB
1882,45,Thursday,6,03.40 PM,04.40 PM,MPMC LAB
1883,45,Friday,1,10.00 AM,11.00 AM,DSP LAB
1884,45,Friday,2,11.00 AM,12.00 PM,DSP LAB
1885,45,Friday,3,12.00 PM,01.00 PM,DSP LAB
1886,45,Friday,BREAK,01.00 PM,01.40 PM,LUNCH
1887,45,Friday,4,01.40 PM,02.40 PM,AWP
1888,45,Friday,5,02.40 PM,03.40 PM,MPMC
1889,45,Friday,6,03.40 PM,04.40 PM,AWP
1890,45,Saturday,1,10.00 AM,11.00 AM,OE-1
1891,45,Saturday,2,11.00 AM,12.00 PM,MPMC
1892,45,Saturday,3,12.00 PM,01.00 PM,DSP
1893,45,Saturday,BREAK,01.00 PM,01.40 PM,LUNCH
1894,45,Saturday,4,01.40 PM,02.40 PM,AWP
1895,45,Saturday,5,02.40 PM,03.40 PM,DSP
1896,45,Saturday,6,03.40 PM,04.40 PM,LIB/MTP
1897,46,Monday,1,10.00 AM,11.00 AM,DSP LAB
1898,46,Monday,2,11.00 AM,12.00 PM,DSP LAB
1899,46,Monday,3,12.00 PM,01.00 PM,DSP LAB
1900,46,Monday,BREAK,01.00 PM,01.40 PM,LUNCH
1901,46,Monday,4,01.40 PM,02.40 PM,PE-1
1902,46,Monday,5,02.40 PM,03.40 PM,OE-1
1903,46,Monday,6,03.40 PM,04.40 PM,OE-1
1904,46,Tuesday,1,10.00 AM,11.00 AM,T&P
1905,46,Tuesday,2,11.00 AM,12.00 PM,T&P
1906,46,Tuesday,3,12.00 PM,01.00 PM,T&P
1907,46,Tuesday,BREAK,01.00 PM,01.40 PM,LUNCH
1908,46,Tuesday,4,01.40 PM,02.40 PM,T&P
1909,46,Tuesday,5,02.40 PM,03.40 PM,T&P
1910,46,Tuesday,6,03.40 PM,04.40 PM,T&P
1911,46,Wednesday,1,10.00 AM,11.00 AM,DSP
1912,46,Wednesday,2,11.00 AM,12.00 PM,AW
1913,46,Wednesday,3,12.00 PM,01.00 PM,AW
1914,46,Wednesday,BREAK,01.00 PM,01.40 PM,LUNCH
1915,46,Wednesday,4,01.40 PM,02.40 PM,AWP
1916,46,Wednesday,5,02.40 PM,03.40 PM,MPMC
1917,46,Wednesday,6,03.40 PM,04.40 PM,MPMC
1918,46,Thursday,1,10.00 AM,11.00 AM,MPMC
1919,46,Thursday,2,11.00 AM,12.00 PM,PE-1
1920,46,Thursday,3,12.00 PM,01.00 PM,PE-1
1921,46,Thursday,BREAK,01.00 PM,01.40 PM,LUNCH
1922,46,Thursday,4,01.40 PM,02.40 PM,AWP
1923,46,Thursday,5,02.40 PM,03.40 PM,DSP
1924,46,Thursday,6,03.40 PM,04.40 PM,DSP
1925,46,Friday,1,10.00 AM,11.00 AM,MPMC LAB
1926,46,Friday,2,11.00 AM,12.00 PM,MPMC LAB
1927,46,Friday,3,12.00 PM,01.00 PM,MPMC LAB
1928,46,Friday,BREAK,01.00 PM,01.40 PM,LUNCH
1929,46,Friday,4,01.40 PM,02.40 PM,ACS LAB
1930,46,Friday,5,02.40 PM,03.40 PM,ACS LAB
1931,46,Friday,6,03.40 PM,04.40 PM,ACS LAB
1932,46,Saturday,1,10.00 AM,11.00 AM,OE-1
1933,46,Saturday,2,11.00 AM,12.00 PM,MPMC
1934,46,Saturday,3,12.00 PM,01.00 PM,AWP
1935,46,Saturday,BREAK,01.00 PM,01.40 PM,LUNCH
1936,46,Saturday,4,01.40 PM,02.40 PM,DSP
1937,46,Saturday,5,02.40 PM,03.40 PM,AWP
1938,46,Saturday,6,03.40 PM,04.40 PM,LIB/MTP
1939,47,Monday,1,10:00 AM,11:00 AM,PE-I
1940,47,Monday,2,11:00 AM,12:00 PM,PE
1941,47,Monday,3,12:00 PM,01:00 PM,CS
1942,47,Monday,BREAK,01:00 PM,01:40 PM,LUNCH
1943,47,Monday,4,01:40 PM,02:40 PM,PS-II
1944,47,Monday,5,02:40 PM,03:40 PM,OE-I
1945,47,Monday,6,03:40 PM,04:40 PM,OE-I
1946,47,Tuesday,1,10:00 AM,11:00 AM,CS
1947,47,Tuesday,2,11:00 AM,12:00 PM,PS-II
1948,47,Tuesday,3,12:00 PM,01:00 PM,SES
1949,47,Tuesday,BREAK,01:00 PM,01:40 PM,LUNCH
1950,47,Tuesday,4,01:40 PM,02:40 PM,PE
1951,47,Tuesday,5,02:40 PM,03:40 PM,GS
1952,47,Tuesday,6,03:40 PM,04:40 PM,GS
1953,47,Wednesday,1,10:00 AM,11:00 AM,PE Lab/CS Lab
1954,47,Wednesday,2,11:00 AM,12:00 PM,PE Lab/CS Lab
1955,47,Wednesday,3,12:00 PM,01:00 PM,PE Lab/CS Lab
1956,47,Wednesday,BREAK,01:00 PM,01:40 PM,LUNCH
1957,47,Wednesday,4,01:40 PM,02:40 PM,SES
1958,47,Wednesday,5,02:40 PM,03:40 PM,PS-II
1959,47,Wednesday,6,03:40 PM,04:40 PM,MTP
1960,47,Thursday,1,10:00 AM,11:00 AM,PE-I*
1961,47,Thursday,2,11:00 AM,12:00 PM,PE*
1962,47,Thursday,3,12:00 PM,01:00 PM,PS-II*
1963,47,Thursday,BREAK,01:00 PM,01:40 PM,LUNCH
1964,47,Thursday,4,01:40 PM,02:40 PM,CS*
1965,47,Thursday,5,02:40 PM,03:40 PM,SES*
1966,47,Thursday,6,03:40 PM,04:40 PM,Lib
1967,47,Friday,1,10:00 AM,11:00 AM,PE
1968,47,Friday,2,11:00 AM,12:00 PM,PE-I
1969,47,Friday,3,12:00 PM,01:00 PM,CS
1970,47,Friday,BREAK,01:00 PM,01:40 PM,LUNCH
1971,47,Friday,4,01:40 PM,02:40 PM,CS Lab/PE Lab
1972,47,Friday,5,02:40 PM,03:40 PM,CS Lab/PE Lab
1973,47,Friday,6,03:40 PM,04:40 PM,CS Lab/PE Lab
1974,47,Saturday,1,10:00 AM,11:00 AM,OE-I
1975,47,Saturday,2,11:00 AM,12:00 PM,PE-I
1976,47,Saturday,3,12:00 PM,01:00 PM,SES
1977,47,Saturday,BREAK,01:00 PM,01:40 PM,LUNCH
1978,47,Saturday,4,01:40 PM,02:40 PM,Sports
1979,47,Saturday,5,02:40 PM,03:40 PM,ECA
1980,47,Saturday,6,03:40 PM,04:40 PM,CCA
1981,48,Monday,1,10:00 AM,11:00 AM,PE-I
1982,48,Monday,2,11:00 AM,12:00 PM,PS-II
1983,48,Monday,3,12:00 PM,01:00 PM,PE
1984,48,Monday,BREAK,01:00 PM,01:40 PM,LUNCH
1985,48,Monday,4,01:40 PM,02:40 PM,SES
1986,48,Monday,5,02:40 PM,03:40 PM,OE-I
1987,48,Monday,6,03:40 PM,04:40 PM,OE-I
1988,48,Tuesday,1,10:00 AM,11:00 AM,PE Lab/CS Lab
1989,48,Tuesday,2,11:00 AM,12:00 PM,PE Lab/CS Lab
1990,48,Tuesday,3,12:00 PM,01:00 PM,PE Lab/CS Lab
1991,48,Tuesday,BREAK,01:00 PM,01:40 PM,LUNCH
1992,48,Tuesday,4,01:40 PM,02:40 PM,PE
1993,48,Tuesday,5,02:40 PM,03:40 PM,CS
1994,48,Tuesday,6,03:40 PM,04:40 PM,MTP
1995,48,Wednesday,1,10:00 AM,11:00 AM,PS-II
1996,48,Wednesday,2,11:00 AM,12:00 PM,CS
1997,48,Wednesday,3,12:00 PM,01:00 PM,SES
1998,48,Wednesday,BREAK,01:00 PM,01:40 PM,LUNCH
1999,48,Wednesday,4,01:40 PM,02:40 PM,CS Lab/PE Lab
2000,48,Wednesday,5,02:40 PM,03:40 PM,CS Lab/PE Lab
2001,48,Wednesday,6,03:40 PM,04:40 PM,CS Lab/PE Lab
2002,48,Thursday,1,10:00 AM,11:00 AM,PE-I*
2003,48,Thursday,2,11:00 AM,12:00 PM,CS*
2004,48,Thursday,3,12:00 PM,01:00 PM,SES*
2005,48,Thursday,BREAK,01:00 PM,01:40 PM,LUNCH
2006,48,Thursday,4,01:40 PM,02:40 PM,PE*
2007,48,Thursday,5,02:40 PM,03:40 PM,PS-II*
2008,48,Thursday,6,03:40 PM,04:40 PM,ECA
2009,48,Friday,1,10:00 AM,11:00 AM,CS
2010,48,Friday,2,11:00 AM,12:00 PM,PE-I
2011,48,Friday,3,12:00 PM,01:00 PM,PE
2012,48,Friday,BREAK,01:00 PM,01:40 PM,LUNCH
2013,48,Friday,4,01:40 PM,02:40 PM,SES
2014,48,Friday,5,02:40 PM,03:40 PM,PS-II
2015,48,Friday,6,03:40 PM,04:40 PM,CCA
2016,48,Saturday,1,10:00 AM,11:00 AM,OE-I
2017,48,Saturday,2,11:00 AM,12:00 PM,PE-I
2018,48,Saturday,3,12:00 PM,01:00 PM,Lib
2019,48,Saturday,BREAK,01:00 PM,01:40 PM,LUNCH
2020,48,Saturday,4,01:40 PM,02:40 PM,Sports
2021,48,Saturday,5,02:40 PM,03:40 PM,GS
2022,48,Saturday,6,03:40 PM,04:40 PM,GS
2023,49,Monday,1,10.00 AM,11.00 AM,D S P
2024,49,Monday,2,11.00 AM,12.00 PM,I P C I
2025,49,Monday,3,12.00 PM,01.00 PM,C O D
2026,49,Monday,BREAK,01.00 PM,01.40 PM,LUNCH
2027,49,Monday,4,01.40 PM,02.40 PM,V L S I
2028,49,Monday,5,02.40 PM,03.40 PM,O E – I
2029,49,Monday,6,03.40 PM,04.40 PM,O E – I
2030,49,Tuesday,1,10.00 AM,11.00 AM,V L S I
2031,49,Tuesday,2,11.00 AM,12.00 PM,C O D
2032,49,Tuesday,3,12.00 PM,01.00 PM,D S P
2033,49,Tuesday,BREAK,01.00 PM,01.40 PM,LUNCH
2034,49,Tuesday,4,01.40 PM,02.40 PM,I P C I
2035,49,Tuesday,5,02.40 PM,03.40 PM,Ancient Wisdom
2036,49,Tuesday,6,03.40 PM,04.40 PM,Ancient Wisdom
2037,49,Wednesday,1,10.00 AM,11.00 AM,P E – I
2038,49,Wednesday,2,11.00 AM,12.00 PM,I P C I
2039,49,Wednesday,3,12.00 PM,01.00 PM,P E – I
2040,49,Wednesday,BREAK,01.00 PM,01.40 PM,LUNCH
2041,49,Wednesday,4,01.40 PM,02.40 PM,A C S LAB / P C I LAB
2042,49,Wednesday,5,02.40 PM,03.40 PM,A C S LAB / P C I LAB
2043,49,Wednesday,6,03.40 PM,04.40 PM,A C S LAB / P C I LAB
2044,49,Thursday,1,10.00 AM,11.00 AM,P C I LAB / A C S LAB
2045,49,Thursday,2,11.00 AM,12.00 PM,P C I LAB / A C S LAB
2046,49,Thursday,3,12.00 PM,01.00 PM,P C I LAB / A C S LAB
2047,49,Thursday,BREAK,01.00 PM,01.40 PM,LUNCH
2048,49,Thursday,4,01.40 PM,02.40 PM,D S P
2049,49,Thursday,5,02.40 PM,03.40 PM,C O D
2050,49,Thursday,6,03.40 PM,04.40 PM,M T P
2051,49,Friday,1,10.00 AM,11.00 AM,D S P
2052,49,Friday,2,11.00 AM,12.00 PM,V L S I
2053,49,Friday,3,12.00 PM,01.00 PM,I P C I
2054,49,Friday,BREAK,01.00 PM,01.40 PM,LUNCH
2055,49,Friday,4,01.40 PM,02.40 PM,C C A
2056,49,Friday,5,02.40 PM,03.40 PM,E C A
2057,49,Friday,6,03.40 PM,04.40 PM,LIBRARY
2058,49,Saturday,1,10.00 AM,11.00 AM,O E – I
2059,49,Saturday,2,11.00 AM,12.00 PM,V L S I
2060,49,Saturday,3,12.00 PM,01.00 PM,P E – I
2061,49,Saturday,BREAK,01.00 PM,01.40 PM,LUNCH
2062,49,Saturday,4,01.40 PM,02.40 PM,D S P
2063,49,Saturday,5,02.40 PM,03.40 PM,S L
2064,49,Saturday,6,03.40 PM,04.40 PM,SPORTS
2065,50,Monday,1,10.00 AM,11.00 AM,C O D
2066,50,Monday,2,11.00 AM,12.00 PM,I P C I
2067,50,Monday,3,12.00 PM,01.00 PM,D S P
2068,50,Monday,BREAK,01.00 PM,01.40 PM,LUNCH
2069,50,Monday,4,01.40 PM,02.40 PM,V L S I
2070,50,Monday,5,02.40 PM,03.40 PM,O E – I
2071,50,Monday,6,03.40 PM,04.40 PM,O E – I
2072,50,Tuesday,1,10.00 AM,11.00 AM,A C S LAB/P C I LAB
2073,50,Tuesday,2,11.00 AM,12.00 PM,A C S LAB/P C I LAB
2074,50,Tuesday,3,12.00 PM,01.00 PM,A C S LAB/P C I LAB
2075,50,Tuesday,BREAK,01.00 PM,01.40 PM,LUNCH
2076,50,Tuesday,4,01.40 PM,02.40 PM,D S P
2077,50,Tuesday,5,02.40 PM,03.40 PM,A W
2078,50,Tuesday,6,03.40 PM,04.40 PM,A W
2079,50,Wednesday,1,10.00 AM,11.00 AM,P E – I
2080,50,Wednesday,2,11.00 AM,12.00 PM,I P C I
2081,50,Wednesday,3,12.00 PM,01.00 PM,P E – I
2082,50,Wednesday,BREAK,01.00 PM,01.40 PM,LUNCH
2083,50,Wednesday,4,01.40 PM,02.40 PM,C O D
2084,50,Wednesday,5,02.40 PM,03.40 PM,V L S I
2085,50,Wednesday,6,03.40 PM,04.40 PM,M T P
2086,50,Thursday,1,10.00 AM,11.00 AM,D S P
2087,50,Thursday,2,11.00 AM,12.00 PM,C O D
2088,50,Thursday,3,12.00 PM,01.00 PM,V L S I
2089,50,Thursday,BREAK,01.00 PM,01.40 PM,LUNCH
2090,50,Thursday,4,01.40 PM,02.40 PM,P C I LAB/A C S LAB
2091,50,Thursday,5,02.40 PM,03.40 PM,P C I LAB/A C S LAB
2092,50,Thursday,6,03.40 PM,04.40 PM,P C I LAB/A C S LAB
2093,50,Friday,1,10.00 AM,11.00 AM,I P C I
2094,50,Friday,2,11.00 AM,12.00 PM,V L S I
2095,50,Friday,3,12.00 PM,01.00 PM,D S P
2096,50,Friday,BREAK,01.00 PM,01.40 PM,LUNCH
2097,50,Friday,4,01.40 PM,02.40 PM,C C A
2098,50,Friday,5,02.40 PM,03.40 PM,E C A
2099,50,Friday,6,03.40 PM,04.40 PM,LIBRARY
2100,50,Saturday,1,10.00 AM,11.00 AM,O E – I
2101,50,Saturday,2,11.00 AM,12.00 PM,D S P
2102,50,Saturday,3,12.00 PM,01.00 PM,P E - I
2103,50,Saturday,BREAK,01.00 PM,01.40 PM,LUNCH
2104,50,Saturday,4,01.40 PM,02.40 PM,I P C I
2105,50,Saturday,5,02.40 PM,03.40 PM,S L
2106,50,Saturday,6,03.40 PM,04.40 PM,SPORTS
2107,51,Monday,1,10.00 AM,11.00 AM,CD&CN Lab/DM Lab
2108,51,Monday,2,11.00 AM,12.00 PM,CD&CN Lab/DM Lab
2109,51,Monday,3,12.00 PM,01.00 PM,CD&CN Lab/DM Lab
2110,51,Monday,BREAK,01.00 PM,01.40 PM,LUNCH
2111,51,Monday,4,01.40 PM,02.40 PM,PE-I
2112,51,Monday,5,02.40 PM,03.40 PM,OE-I
2113,51,Monday,6,03.40 PM,04.40 PM,OE-I
2114,51,Tuesday,1,10.00 AM,11.00 AM,PMOB
2115,51,Tuesday,2,11.00 AM,12.00 PM,DM
2116,51,Tuesday,3,12.00 PM,01.00 PM,ACD
2117,51,Tuesday,BREAK,01.00 PM,01.40 PM,LUNCH
2118,51,Tuesday,4,01.40 PM,02.40 PM,DM Lab/CD&CN Lab
2119,51,Tuesday,5,02.40 PM,03.40 PM,DM Lab/CD&CN Lab
2120,51,Tuesday,6,03.40 PM,04.40 PM,DM Lab/CD&CN Lab
2121,51,Wednesday,1,10.00 AM,11.00 AM,ACD
2122,51,Wednesday,2,11.00 AM,12.00 PM,DM
2123,51,Wednesday,3,12.00 PM,01.00 PM,PMOB
2124,51,Wednesday,BREAK,01.00 PM,01.40 PM,LUNCH
2125,51,Wednesday,4,01.40 PM,02.40 PM,CN
2126,51,Wednesday,5,02.40 PM,03.40 PM,GS
2127,51,Wednesday,6,03.40 PM,04.40 PM,GS
2128,51,Thursday,1,10.00 AM,11.00 AM,ACD
2129,51,Thursday,2,11.00 AM,12.00 PM,CN
2130,51,Thursday,3,12.00 PM,01.00 PM,DM
2131,51,Thursday,BREAK,01.00 PM,01.40 PM,LUNCH
2132,51,Thursday,4,01.40 PM,02.40 PM,PE-I
2133,51,Thursday,5,02.40 PM,03.40 PM,SL
2134,51,Thursday,6,03.40 PM,04.40 PM,SL
2135,51,Friday,1,10.00 AM,11.00 AM,CN
2136,51,Friday,2,11.00 AM,12.00 PM,PMOB
2137,51,Friday,3,12.00 PM,01.00 PM,DM
2138,51,Friday,BREAK,01.00 PM,01.40 PM,LUNCH
2139,51,Friday,4,01.40 PM,02.40 PM,PE-I
2140,51,Friday,5,02.40 PM,03.40 PM,MTP
2141,51,Friday,6,03.40 PM,04.40 PM,ECA/Sports
2142,51,Saturday,1,10.00 AM,11.00 AM,OE-I
2143,51,Saturday,2,11.00 AM,12.00 PM,PE-I
2144,51,Saturday,3,12.00 PM,01.00 PM,CN
2145,51,Saturday,BREAK,01.00 PM,01.40 PM,LUNCH
2146,51,Saturday,4,01.40 PM,02.40 PM,ACD
2147,51,Saturday,5,02.40 PM,03.40 PM,Library
2148,51,Saturday,6,03.40 PM,04.40 PM,Library
2149,52,Monday,1,10.00 AM,11.00 AM,DM
2150,52,Monday,2,11.00 AM,12.00 PM,ACD
2151,52,Monday,3,12.00 PM,01.00 PM,PMOB
2152,52,Monday,BREAK,01.00 PM,01.40 PM,LUNCH
2153,52,Monday,4,01.40 PM,02.40 PM,PE-I
2154,52,Monday,5,02.40 PM,03.40 PM,OE-I
2155,52,Monday,6,03.40 PM,04.40 PM,OE-I
2156,52,Tuesday,1,10.00 AM,11.00 AM,CN
2157,52,Tuesday,2,11.00 AM,12.00 PM,PMOB
2158,52,Tuesday,3,12.00 PM,01.00 PM,DM
2159,52,Tuesday,BREAK,01.00 PM,01.40 PM,LUNCH
2160,52,Tuesday,4,01.40 PM,02.40 PM,ACD
2161,52,Tuesday,5,02.40 PM,03.40 PM,SL
2162,52,Tuesday,6,03.40 PM,04.40 PM,SL
2163,52,Wednesday,1,10.00 AM,11.00 AM,CD&CN Lab/DM Lab
2164,52,Wednesday,2,11.00 AM,12.00 PM,CD&CN Lab/DM Lab
2165,52,Wednesday,3,12.00 PM,01.00 PM,CD&CN Lab/DM Lab
2166,52,Wednesday,BREAK,01.00 PM,01.40 PM,LUNCH
2167,52,Wednesday,4,01.40 PM,02.40 PM,DM
2168,52,Wednesday,5,02.40 PM,03.40 PM,PMOB
2169,52,Wednesday,6,03.40 PM,04.40 PM,ECA/SPORTS
2170,52,Thursday,1,10.00 AM,11.00 AM,ACD
2171,52,Thursday,2,11.00 AM,12.00 PM,CN
2172,52,Thursday,3,12.00 PM,01.00 PM,DM
2173,52,Thursday,BREAK,01.00 PM,01.40 PM,LUNCH
2174,52,Thursday,4,01.40 PM,02.40 PM,PE-I
2175,52,Thursday,5,02.40 PM,03.40 PM,LIBRARY
2176,52,Thursday,6,03.40 PM,04.40 PM,LIBRARY
2177,52,Friday,1,10.00 AM,11.00 AM,DM Lab/CD&CN Lab
2178,52,Friday,2,11.00 AM,12.00 PM,DM Lab/CD&CN Lab
2179,52,Friday,3,12.00 PM,01.00 PM,DM Lab/CD&CN Lab
2180,52,Friday,BREAK,01.00 PM,01.40 PM,LUNCH
2181,52,Friday,4,01.40 PM,02.40 PM,PE-I
2182,52,Friday,5,02.40 PM,03.40 PM,CN
2183,52,Friday,6,03.40 PM,04.40 PM,MTP
2184,52,Saturday,1,10.00 AM,11.00 AM,OE-I
2185,52,Saturday,2,11.00 AM,12.00 PM,PE-I
2186,52,Saturday,3,12.00 PM,01.00 PM,ACD
2187,52,Saturday,BREAK,01.00 PM,01.40 PM,LUNCH
2188,52,Saturday,4,01.40 PM,02.40 PM,CN
2189,52,Saturday,5,02.40 PM,03.40 PM,GS
2190,52,Saturday,6,03.40 PM,04.40 PM,GS
2191,53,Monday,1,10.00 AM,11.00 AM,CN
2192,53,Monday,2,11.00 AM,12.00 PM,DM
2193,53,Monday,3,12.00 PM,01.00 PM,ACD
2194,53,Monday,BREAK,01.00 PM,01.40 PM,LUNCH
2195,53,Monday,4,01.40 PM,02.40 PM,PE-I
2196,53,Monday,5,02.40 PM,03.40 PM,OE-I
2197,53,Monday,6,03.40 PM,04.40 PM,OE-I
2198,53,Tuesday,1,10.00 AM,11.00 AM,CD&CN Lab/DM Lab
2199,53,Tuesday,2,11.00 AM,12.00 PM,CD&CN Lab/DM Lab
2200,53,Tuesday,3,12.00 PM,01.00 PM,CD&CN Lab/DM Lab
2201,53,Tuesday,BREAK,01.00 PM,01.40 PM,LUNCH
2202,53,Tuesday,4,01.40 PM,02.40 PM,DM
2203,53,Tuesday,5,02.40 PM,03.40 PM,LIBRARY
2204,53,Tuesday,6,03.40 PM,04.40 PM,LIBRARY
2205,53,Wednesday,1,10.00 AM,11.00 AM,ACD
2206,53,Wednesday,2,11.00 AM,12.00 PM,CN
2207,53,Wednesday,3,12.00 PM,01.00 PM,PMOB
2208,53,Wednesday,BREAK,01.00 PM,01.40 PM,LUNCH
2209,53,Wednesday,4,01.40 PM,02.40 PM,DM Lab/CD&CN Lab
2210,53,Wednesday,5,02.40 PM,03.40 PM,DM Lab/CD&CN Lab
2211,53,Wednesday,6,03.40 PM,04.40 PM,DM Lab/CD&CN Lab
2212,53,Thursday,1,10.00 AM,11.00 AM,CN
2213,53,Thursday,2,11.00 AM,12.00 PM,ACD
2214,53,Thursday,3,12.00 PM,01.00 PM,DM
2215,53,Thursday,BREAK,01.00 PM,01.40 PM,LUNCH
2216,53,Thursday,4,01.40 PM,02.40 PM,PE-I
2217,53,Thursday,5,02.40 PM,03.40 PM,MTP
2218,53,Thursday,6,03.40 PM,04.40 PM,ECA/SPORTS
2219,53,Friday,1,10.00 AM,11.00 AM,ACD
2220,53,Friday,2,11.00 AM,12.00 PM,CN
2221,53,Friday,3,12.00 PM,01.00 PM,PMOB
2222,53,Friday,BREAK,01.00 PM,01.40 PM,LUNCH
2223,53,Friday,4,01.40 PM,02.40 PM,PE-I
2224,53,Friday,5,02.40 PM,03.40 PM,GS
2225,53,Friday,6,03.40 PM,04.40 PM,GS
2226,53,Saturday,1,10.00 AM,11.00 AM,OE-I
2227,53,Saturday,2,11.00 AM,12.00 PM,PE-I
2228,53,Saturday,3,12.00 PM,01.00 PM,PMOB
2229,53,Saturday,BREAK,01.00 PM,01.40 PM,LUNCH
2230,53,Saturday,4,01.40 PM,02.40 PM,DM
2231,53,Saturday,5,02.40 PM,03.40 PM,SL
2232,53,Saturday,6,03.40 PM,04.40 PM,SL
